category,symbol,startTime,openPrice,highPrice,lowPrice,closePrice,volume,turnover
linear,BTCUSDT,2023-08-01T13:00:00+00:00,28866.5,28905,28853,28872.7,889.915,25698301.079
linear,BTCUSDT,2023-08-01T12:00:00+00:00,28853,28911.7,28744,28866.5,1749.877,50483151.5688
linear,BTCUSDT,2023-08-01T11:00:00+00:00,28914.8,28919,28852.5,28853,390.922,11288902.2238
linear,BTCUSDT,2023-08-01T10:00:00+00:00,28916.5,28930.7,28886.6,28914.8,469.686,13578132.8211
linear,BTCUSDT,2023-08-01T09:00:00+00:00,28980,28984.5,28915.4,28916.5,726.29,21022794.1023
linear,BTCUSDT,2023-08-01T08:00:00+00:00,28924.1,28980,28900.1,28980,603.502,17461245.0346
linear,BTCUSDT,2023-08-01T07:00:00+00:00,28901.4,28931.1,28887.6,28924.1,616.811,17830971.8521
linear,BTCUSDT,2023-08-01T06:00:00+00:00,28909.3,28958.9,28892.2,28901.4,820.757,23737673.6039
linear,BTCUSDT,2023-08-01T05:00:00+00:00,28855.9,28913,28844.4,28909.3,785.059,22672439.3168
linear,BTCUSDT,2023-08-01T04:00:00+00:00,28823,28910.6,28794.4,28855.9,1196.357,34513832.1459
linear,BTCUSDT,2023-08-01T03:00:00+00:00,28920.4,28942.2,28804.2,28823,1685.682,48696529.6063
linear,BTCUSDT,2023-08-01T02:00:00+00:00,29187.4,29205.4,28842.8,28920.4,2457.198,71171805.7318
linear,BTCUSDT,2023-08-01T01:00:00+00:00,29269.9,29333.1,29155.6,29187.4,1108.441,32422836.2431
linear,BTCUSDT,2023-08-01T00:00:00+00:00,29223.4,29277.1,29201.2,29269.9,500.659,14637893.7941
linear,BTCUSDT,2023-07-31T23:00:00+00:00,29197.9,29229.6,29175.9,29223.4,341.196,9963389.3679
linear,BTCUSDT,2023-07-31T22:00:00+00:00,29231,29232,29187.9,29197.9,359.396,10497292.2209
linear,BTCUSDT,2023-07-31T21:00:00+00:00,29198.1,29262.4,29145.3,29231,956.288,27927796.5804
linear,BTCUSDT,2023-07-31T20:00:00+00:00,29146.4,29248.2,29109.5,29198.1,1427.714,41662243.6031
linear,BTCUSDT,2023-07-31T19:00:00+00:00,29182.2,29229.5,29115.3,29146.4,842.61,24599077.6779
linear,BTCUSDT,2023-07-31T18:00:00+00:00,29204.8,29207.4,29135.2,29182.2,977.517,28522978.9392
linear,BTCUSDT,2023-07-31T17:00:00+00:00,29219.9,29262.1,29150.3,29204.8,1507.361,44013716.8643
linear,BTCUSDT,2023-07-31T16:00:00+00:00,29237.3,29254.8,29167.5,29219.9,1483.197,43344080.6063
linear,BTCUSDT,2023-07-31T15:00:00+00:00,29290.8,29330.1,29225,29237.3,1701.482,49811619.1091
linear,BTCUSDT,2023-07-31T14:00:00+00:00,29351.5,29355.8,29266.1,29290.8,2477.082,72594220.0123
linear,BTCUSDT,2023-07-31T13:00:00+00:00,29461,29461,29309.9,29351.5,2602.404,76540334.5108
linear,BTCUSDT,2023-07-31T12:00:00+00:00,29392.5,29461.2,29380.2,29461,1271.423,37420064.5593
linear,BTCUSDT,2023-07-31T11:00:00+00:00,29376.8,29392.5,29370.4,29392.5,541.183,15900774.098
linear,BTCUSDT,2023-07-31T10:00:00+00:00,29376.1,29399.6,29362,29376.8,313.656,9214453.3337
linear,BTCUSDT,2023-07-31T09:00:00+00:00,29383.2,29384.3,29322.2,29376.1,1024.176,30056017.2343
linear,BTCUSDT,2023-07-31T08:00:00+00:00,29362.7,29407.6,29349.8,29383.2,1018.664,29913310.6834
linear,BTCUSDT,2023-07-31T07:00:00+00:00,29401.5,29402.3,29362.4,29362.7,3190.619,93764101.4189
linear,BTCUSDT,2023-07-31T06:00:00+00:00,29367.9,29432.6,29355,29401.5,3470.438,101993426.8069
linear,BTCUSDT,2023-07-31T05:00:00+00:00,29389.8,29408.4,29353.5,29367.9,406.982,11959260.0766
linear,BTCUSDT,2023-07-31T04:00:00+00:00,29407,29423.5,29367.2,29389.8,703.829,20692965.7928
linear,BTCUSDT,2023-07-31T03:00:00+00:00,29451.6,29456.2,29401.5,29407,521.083,15331804.1742
linear,BTCUSDT,2023-07-31T02:00:00+00:00,29440.5,29483.3,29414,29451.6,626.071,18435241.4949
linear,BTCUSDT,2023-07-31T01:00:00+00:00,29443.2,29476.5,29368.5,29440.5,1016.8,29915482.6411
linear,BTCUSDT,2023-07-31T00:00:00+00:00,29271.2,29511.8,29250.7,29443.2,1204.768,35390774.5323
linear,BTCUSDT,2023-07-30T23:00:00+00:00,29142,29274,29142,29271.2,982.256,28710914.2433
linear,BTCUSDT,2023-07-30T22:00:00+00:00,29195.9,29196.5,29138.4,29142,441.203,12866019.7282
linear,BTCUSDT,2023-07-30T21:00:00+00:00,29251.8,29252.4,29165,29195.9,658.873,19242228.2008
linear,BTCUSDT,2023-07-30T20:00:00+00:00,29189.5,29256.6,29065.7,29251.8,1989.101,57983812.5875
linear,BTCUSDT,2023-07-30T19:00:00+00:00,29341.1,29347.9,29108.9,29189.5,865.186,25264301.772
linear,BTCUSDT,2023-07-30T18:00:00+00:00,29385.2,29389,29331.9,29341.1,247.564,7269723.8707
linear,BTCUSDT,2023-07-30T17:00:00+00:00,29369.8,29389,29342.5,29385.2,266.678,7831102.0936
linear,BTCUSDT,2023-07-30T16:00:00+00:00,29337.9,29399.3,29317,29369.8,10809.417,317129807.2939
linear,BTCUSDT,2023-07-30T15:00:00+00:00,29376.8,29438.6,29302.2,29337.9,938.792,27592921.0265
linear,BTCUSDT,2023-07-30T14:00:00+00:00,29272.5,29380.1,29272.5,29376.8,457.594,13423249.2337
linear,BTCUSDT,2023-07-30T13:00:00+00:00,29306.3,29310.4,29261.1,29272.5,237.411,6953199.3411
linear,BTCUSDT,2023-07-30T12:00:00+00:00,29300.1,29317.7,29292.2,29306.3,275.616,8077343.3103
linear,BTCUSDT,2023-07-30T11:00:00+00:00,29268.7,29315,29243.3,29300.1,730.324,21382319.9192
linear,BTCUSDT,2023-07-30T10:00:00+00:00,29269.9,29278,29230.7,29268.7,228.688,6691638.3124
linear,BTCUSDT,2023-07-30T09:00:00+00:00,29288.8,29288.8,29263.7,29269.9,169.186,4952757.3282
linear,BTCUSDT,2023-07-30T08:00:00+00:00,29284.5,29298.2,29278.2,29288.8,185.425,5430693.6639
linear,BTCUSDT,2023-07-30T07:00:00+00:00,29275.7,29286.1,29262.8,29284.5,217.619,6370532.4921
linear,BTCUSDT,2023-07-30T06:00:00+00:00,29297.2,29297.9,29256.6,29275.7,440.412,12891548.168
linear,BTCUSDT,2023-07-30T05:00:00+00:00,29308.6,29317.6,29296.2,29297.2,185.631,5439307.4782
linear,BTCUSDT,2023-07-30T04:00:00+00:00,29301.9,29316.6,29299.4,29308.6,95.163,2789053.2733
linear,BTCUSDT,2023-07-30T03:00:00+00:00,29302.9,29310,29297.6,29301.9,110.94,3250859.6971
linear,BTCUSDT,2023-07-30T02:00:00+00:00,29317.1,29317.1,29292.2,29302.9,197.084,5775103.4093
linear,BTCUSDT,2023-07-30T01:00:00+00:00,29336.2,29337,29310.7,29317.1,187.42,5495471.4829
linear,BTCUSDT,2023-07-30T00:00:00+00:00,29340.4,29345.8,29310.4,29336.2,248.838,7297602.9472
linear,BTCUSDT,2023-07-29T23:00:00+00:00,29345.6,29355.2,29338,29340.4,103.031,3023324.9023
linear,BTCUSDT,2023-07-29T22:00:00+00:00,29342.4,29354.4,29337.5,29345.6,131.764,3866517.8811
linear,BTCUSDT,2023-07-29T21:00:00+00:00,29342.2,29355,29336.9,29342.4,166.535,4887203.4655
linear,BTCUSDT,2023-07-29T20:00:00+00:00,29330,29367,29328.5,29342.2,520.471,15275430.8723
linear,BTCUSDT,2023-07-29T19:00:00+00:00,29296.1,29336.1,29296,29330,174.241,5109091.508
linear,BTCUSDT,2023-07-29T18:00:00+00:00,29311.2,29318.2,29277,29296.1,245.404,7188465.2816
linear,BTCUSDT,2023-07-29T17:00:00+00:00,29299.1,29321.7,29284.4,29311.2,298.319,8741861.4865
linear,BTCUSDT,2023-07-29T16:00:00+00:00,29284.2,29301.3,29277.4,29299.1,201.603,5904641.5358
linear,BTCUSDT,2023-07-29T15:00:00+00:00,29265.9,29285.1,29265.9,29284.2,424.376,12425816.1629
linear,BTCUSDT,2023-07-29T14:00:00+00:00,29283.8,29308.4,29264,29265.9,246.451,7217173.1534
linear,BTCUSDT,2023-07-29T13:00:00+00:00,29282.8,29322.3,29277,29283.8,381.863,11188199.2901
linear,BTCUSDT,2023-07-29T12:00:00+00:00,29254,29319.8,29246.5,29282.8,603.983,17683604.5207
linear,BTCUSDT,2023-07-29T11:00:00+00:00,29268.1,29294.5,29254,29254,353.801,10355935.8627
linear,BTCUSDT,2023-07-29T10:00:00+00:00,29270.1,29283.9,29250.4,29268.1,230.221,6738664.1986
linear,BTCUSDT,2023-07-29T09:00:00+00:00,29285.2,29291.1,29251.9,29270.1,267.404,7827844.8869
linear,BTCUSDT,2023-07-29T08:00:00+00:00,29283,29321,29249.9,29285.2,367.504,10764434.0694
linear,BTCUSDT,2023-07-29T07:00:00+00:00,29336.2,29341.9,29276,29283,224.674,6586442.7012
linear,BTCUSDT,2023-07-29T06:00:00+00:00,29357.1,29357.1,29320,29336.2,246.429,7228768.4162
linear,BTCUSDT,2023-07-29T05:00:00+00:00,29367.1,29370.3,29338.1,29357.1,138.582,4067785.5939
linear,BTCUSDT,2023-07-29T04:00:00+00:00,29357.3,29395.1,29351.5,29367.1,247.39,7266602.2925
linear,BTCUSDT,2023-07-29T03:00:00+00:00,29363,29373.7,29350,29357.3,179.559,5272199.6871
linear,BTCUSDT,2023-07-29T02:00:00+00:00,29364.9,29381.4,29349.9,29363,319.156,9371844.3082
linear,BTCUSDT,2023-07-29T01:00:00+00:00,29313.5,29366.3,29307.4,29364.9,281.079,8245616.8284
linear,BTCUSDT,2023-07-29T00:00:00+00:00,29299.2,29334.4,29282,29313.5,286.781,8405839.4831
linear,BTCUSDT,2023-07-28T23:00:00+00:00,29281.8,29315.6,29281.7,29299.2,153.658,4502757.4922
linear,BTCUSDT,2023-07-28T22:00:00+00:00,29299.4,29304,29278.2,29281.8,282.308,8269149.0664
linear,BTCUSDT,2023-07-28T21:00:00+00:00,29329.7,29356.7,29294.5,29299.4,329.396,9658925.27
linear,BTCUSDT,2023-07-28T20:00:00+00:00,29307.9,29330,29267.5,29329.7,546.047,15996857.4411
linear,BTCUSDT,2023-07-28T19:00:00+00:00,29300,29321.6,29272.3,29307.9,849.092,24877299.842
linear,BTCUSDT,2023-07-28T18:00:00+00:00,29245.5,29323.3,29230.6,29300,540.364,15821918.3916
linear,BTCUSDT,2023-07-28T17:00:00+00:00,29347,29347,29185.2,29245.5,1189.435,34804196.7931
linear,BTCUSDT,2023-07-28T16:00:00+00:00,29375.6,29391.4,29323.3,29347,1000.991,29391618.0874
linear,BTCUSDT,2023-07-28T15:00:00+00:00,29478.9,29529,29353.9,29375.6,2285.083,67267356.6761
linear,BTCUSDT,2023-07-28T14:00:00+00:00,29280.3,29500,29279,29478.9,2292.26,67415702.4405
linear,BTCUSDT,2023-07-28T13:00:00+00:00,29291.9,29308.3,29237.4,29280.3,755.124,22106220.8581
linear,BTCUSDT,2023-07-28T12:00:00+00:00,29194.6,29303,29192.6,29291.9,1091.627,31943310.3762
linear,BTCUSDT,2023-07-28T11:00:00+00:00,29207.8,29239.4,29183.8,29194.6,721.189,21061807.6554
linear,BTCUSDT,2023-07-28T10:00:00+00:00,29205.8,29222.7,29191.4,29207.8,407.227,11893976.9649
linear,BTCUSDT,2023-07-28T09:00:00+00:00,29141.5,29224.8,29116,29205.8,632.404,18439857.9956
linear,BTCUSDT,2023-07-28T08:00:00+00:00,29128.5,29177,29114.2,29141.5,1526.45,44463081.8573
linear,BTCUSDT,2023-07-28T07:00:00+00:00,29175.9,29184.4,29126.2,29128.5,618.221,18023258.6608
linear,BTCUSDT,2023-07-28T06:00:00+00:00,29173.7,29192.9,29151.7,29175.9,368.826,10761237.3161
linear,BTCUSDT,2023-07-28T05:00:00+00:00,29249.2,29252.6,29144,29173.7,472.982,13805752.1675
linear,BTCUSDT,2023-07-28T04:00:00+00:00,29241.1,29255,29207.9,29249.2,348.084,10174444.5574
linear,BTCUSDT,2023-07-28T03:00:00+00:00,29219,29279.6,29190.6,29241.1,587.377,17168291.9608
linear,BTCUSDT,2023-07-28T02:00:00+00:00,29249.4,29250.1,29171.5,29219,366.312,10701196.7568
linear,BTCUSDT,2023-07-28T01:00:00+00:00,29258.6,29283.3,29242.1,29249.4,476.084,13929613.8263
linear,BTCUSDT,2023-07-28T00:00:00+00:00,29211.3,29267,29201.4,29258.6,518.895,15169453.0507
linear,BTCUSDT,2023-07-27T23:00:00+00:00,29192.1,29216.7,29167.2,29211.3,298.463,8711772.079
linear,BTCUSDT,2023-07-27T22:00:00+00:00,29170.7,29225,29170.2,29192.1,317.222,9264797.2107
linear,BTCUSDT,2023-07-27T21:00:00+00:00,29128.1,29220,29124.4,29170.7,796.396,23234839.4362
linear,BTCUSDT,2023-07-27T20:00:00+00:00,29151.6,29180.6,29118.3,29128.1,885.477,25811041.0466
linear,BTCUSDT,2023-07-27T19:00:00+00:00,29133.3,29166.1,29090.4,29151.6,1038.533,30251937.8492
linear,BTCUSDT,2023-07-27T18:00:00+00:00,29206.1,29238.3,29070.5,29133.3,2028.162,59136832.6356
linear,BTCUSDT,2023-07-27T17:00:00+00:00,29258.6,29282.3,29191,29206.1,1364.03,39886604.7289
linear,BTCUSDT,2023-07-27T16:00:00+00:00,29285,29324,29251.9,29258.6,957.143,28027043.8603
linear,BTCUSDT,2023-07-27T15:00:00+00:00,29334.3,29350,29222.2,29285,1612.576,47239300.4225
linear,BTCUSDT,2023-07-27T14:00:00+00:00,29432.4,29432.4,29306.7,29334.3,1886.481,55423689.4957
linear,BTCUSDT,2023-07-27T13:00:00+00:00,29485.4,29493.7,29419,29432.4,851.843,25089937.0684
linear,BTCUSDT,2023-07-27T12:00:00+00:00,29492.5,29493.5,29444.7,29485.4,522.965,15412140.5976
linear,BTCUSDT,2023-07-27T11:00:00+00:00,29472.9,29513.7,29454.6,29492.5,396.591,11694618.3822
linear,BTCUSDT,2023-07-27T10:00:00+00:00,29526.9,29544,29463.6,29472.9,611.241,18031945.1939
linear,BTCUSDT,2023-07-27T09:00:00+00:00,29454.2,29551.7,29452,29526.9,637.74,18813113.2898
linear,BTCUSDT,2023-07-27T08:00:00+00:00,29394.6,29454.2,29380.2,29454.2,409.848,12054453.6158
linear,BTCUSDT,2023-07-27T07:00:00+00:00,29370,29453.5,29367.9,29394.6,455.932,13411717.0498
linear,BTCUSDT,2023-07-27T06:00:00+00:00,29445.7,29468.2,29367,29370,378.771,11144892.0429
linear,BTCUSDT,2023-07-27T05:00:00+00:00,29469.2,29484.2,29444,29445.7,958.041,28226886.6524
linear,BTCUSDT,2023-07-27T04:00:00+00:00,29389.4,29475,29389.4,29469.2,464.404,13675087.1636
linear,BTCUSDT,2023-07-27T03:00:00+00:00,29413.3,29436.7,29389.2,29389.4,221.305,6508889.8072
linear,BTCUSDT,2023-07-27T02:00:00+00:00,29387.4,29413.3,29332,29413.3,406.032,11922426.6588
linear,BTCUSDT,2023-07-27T01:00:00+00:00,29343.7,29400.7,29324.2,29387.4,598.998,17593616.0027
linear,BTCUSDT,2023-07-27T00:00:00+00:00,29336.9,29349.8,29286.5,29343.7,673.206,19737519.077
linear,BTCUSDT,2023-07-26T23:00:00+00:00,29459,29507.4,29276,29336.9,1042.266,30616141.0604
linear,BTCUSDT,2023-07-26T22:00:00+00:00,29453.7,29496.1,29411.5,29459,961.105,28310353.6722
linear,BTCUSDT,2023-07-26T21:00:00+00:00,29567,29646.2,29448.9,29453.7,1636.783,48348263.2708
linear,BTCUSDT,2023-07-26T20:00:00+00:00,29388.2,29664.1,29372.8,29567,2375.819,70109445.1351
linear,BTCUSDT,2023-07-26T19:00:00+00:00,29364.9,29391.7,29202.5,29388.2,1947.449,57088646.9781
linear,BTCUSDT,2023-07-26T18:00:00+00:00,29257,29483.6,29228,29364.9,3281.89,96252809.3598
linear,BTCUSDT,2023-07-26T17:00:00+00:00,29291.6,29312.9,29229.1,29257,1029.328,30138217.9608
linear,BTCUSDT,2023-07-26T16:00:00+00:00,29311.5,29350.7,29257.6,29291.6,879.797,25778414.7397
linear,BTCUSDT,2023-07-26T15:00:00+00:00,29252.9,29325.9,29252.3,29311.5,606.818,17778730.347
linear,BTCUSDT,2023-07-26T14:00:00+00:00,29294.9,29330.6,29190.6,29252.9,1421.153,41583489.2215
linear,BTCUSDT,2023-07-26T13:00:00+00:00,29217.3,29307.5,29217.3,29294.9,903.403,26438064.3026
linear,BTCUSDT,2023-07-26T12:00:00+00:00,29161.5,29233.3,29152.9,29217.3,479.775,14009363.0157
linear,BTCUSDT,2023-07-26T11:00:00+00:00,29181.8,29204.8,27470,29161.5,8787.885,255591895.2952
linear,BTCUSDT,2023-07-26T10:00:00+00:00,29176.7,29191.9,29151.2,29181.8,513.783,14988907.7309
linear,BTCUSDT,2023-07-26T09:00:00+00:00,29206.8,29219.2,29150.2,29176.7,398.822,11637704.3516
linear,BTCUSDT,2023-07-26T08:00:00+00:00,29206.3,29228.7,29192.9,29206.8,346.342,10117547.3713
linear,BTCUSDT,2023-07-26T07:00:00+00:00,29194.6,29234.6,29179.9,29206.3,583.697,17049635.8139
linear,BTCUSDT,2023-07-26T06:00:00+00:00,29255.9,29313.5,29178.4,29194.6,471.286,13780064.5727
linear,BTCUSDT,2023-07-26T05:00:00+00:00,29187.3,29269.8,29185.5,29255.9,359.84,10515698.8737
linear,BTCUSDT,2023-07-26T04:00:00+00:00,29236.7,29236.7,29187.3,29187.3,315.652,9219874.7605
linear,BTCUSDT,2023-07-26T03:00:00+00:00,29280.7,29382.8,29200.6,29236.7,1396.035,40831418.917
linear,BTCUSDT,2023-07-26T02:00:00+00:00,29119,29281.5,29115.3,29280.7,1597.951,46714465.9597
linear,BTCUSDT,2023-07-26T01:00:00+00:00,29156.4,29165,29092.9,29119,735.385,21424788.367
linear,BTCUSDT,2023-07-26T00:00:00+00:00,29216.2,29222.4,29130.4,29156.4,815.732,23793891.1344
linear,BTCUSDT,2023-07-25T23:00:00+00:00,29190.1,29237,29184.3,29216.2,268.827,7850960.3596
linear,BTCUSDT,2023-07-25T22:00:00+00:00,29217,29241.6,29190.1,29190.1,908.265,26528689.1771
linear,BTCUSDT,2023-07-25T21:00:00+00:00,29217.9,29235.4,29196.6,29217,172.271,5033731.7235
linear,BTCUSDT,2023-07-25T20:00:00+00:00,29188.4,29232.7,29176.6,29217.9,522.641,15265206.12
linear,BTCUSDT,2023-07-25T19:00:00+00:00,29250.9,29266.4,29183.2,29188.4,646.774,18906436.527
linear,BTCUSDT,2023-07-25T18:00:00+00:00,29262.1,29358.7,29243.5,29250.9,912.767,26725701.4734
linear,BTCUSDT,2023-07-25T17:00:00+00:00,29216.5,29276.6,29173.9,29262.1,771.795,22557937.5483
linear,BTCUSDT,2023-07-25T16:00:00+00:00,29167.1,29278.6,29165.5,29216.5,802.035,23437362.4015
linear,BTCUSDT,2023-07-25T15:00:00+00:00,29164.4,29223.8,29151.7,29167.1,1756.43,51263363.52
linear,BTCUSDT,2023-07-25T14:00:00+00:00,29265.5,29333,29145,29164.4,8411.954,245719780.7475
linear,BTCUSDT,2023-07-25T13:00:00+00:00,29108,29329.2,29069.1,29265.5,1533.4,44771144.1548
linear,BTCUSDT,2023-07-25T12:00:00+00:00,29115.6,29134,29086.9,29108,486.945,14176572.4279
linear,BTCUSDT,2023-07-25T11:00:00+00:00,29152.7,29156.3,29107,29115.6,362.038,10547744.1231
linear,BTCUSDT,2023-07-25T10:00:00+00:00,29154.9,29188.6,29135.1,29152.7,513.37,14971766.8881
linear,BTCUSDT,2023-07-25T09:00:00+00:00,29178.2,29266.9,29154.2,29154.9,1059.545,30927966.5162
linear,BTCUSDT,2023-07-25T08:00:00+00:00,29130.2,29185.8,29112.8,29178.2,424.96,12384924.5009
linear,BTCUSDT,2023-07-25T07:00:00+00:00,29131.8,29154.7,29112.6,29130.2,429.469,12512175.983
linear,BTCUSDT,2023-07-25T06:00:00+00:00,29114.4,29139.1,29101.3,29131.8,655.51,19090696.5503
linear,BTCUSDT,2023-07-25T05:00:00+00:00,29079.9,29136.2,29078.3,29114.4,330.423,9618030.6426
linear,BTCUSDT,2023-07-25T04:00:00+00:00,29092,29114.3,29060,29079.9,306.831,8924433.8051
linear,BTCUSDT,2023-07-25T03:00:00+00:00,29117.6,29135.9,29068.9,29092,399.48,11626587.0999
linear,BTCUSDT,2023-07-25T02:00:00+00:00,29066.6,29159.4,29052.2,29117.6,514.52,14978210.0342
linear,BTCUSDT,2023-07-25T01:00:00+00:00,29104.9,29105.8,29037.9,29066.6,617.227,17941134.0747
linear,BTCUSDT,2023-07-25T00:00:00+00:00,29163,29173.1,29085.2,29104.9,947.327,27589334.5361
linear,BTCUSDT,2023-07-24T23:00:00+00:00,29152.9,29191.9,29146.5,29163,306.409,8937693.805
linear,BTCUSDT,2023-07-24T22:00:00+00:00,29149.3,29180.3,29127,29152.9,510.869,14895043.3425
linear,BTCUSDT,2023-07-24T21:00:00+00:00,29138.4,29175,29114.9,29149.3,1160.267,33806502.8058
linear,BTCUSDT,2023-07-24T20:00:00+00:00,29104.2,29140.1,29076.7,29138.4,498.088,14502327.0967
linear,BTCUSDT,2023-07-24T19:00:00+00:00,29112.6,29143.9,29088.4,29104.2,755.157,21989391.9149
linear,BTCUSDT,2023-07-24T18:00:00+00:00,29029.1,29124.5,28991,29112.6,1247.773,36241060.1381
linear,BTCUSDT,2023-07-24T17:00:00+00:00,29097.8,29115,29012.6,29029.1,912.879,26531153.9755
linear,BTCUSDT,2023-07-24T16:00:00+00:00,29084.8,29144.4,29015.9,29097.8,1318.574,38349871.7491
linear,BTCUSDT,2023-07-24T15:00:00+00:00,29039.4,29129.5,28861.8,29084.8,2701.859,78475310.0743
linear,BTCUSDT,2023-07-24T14:00:00+00:00,29169.5,29177.7,29025.8,29039.4,3665.755,106662793.5945
linear,BTCUSDT,2023-07-24T13:00:00+00:00,29223.4,29244.9,29108.4,29169.5,1414.08,41270968.9737
linear,BTCUSDT,2023-07-24T12:00:00+00:00,29260.1,29260.1,29157.2,29223.4,1413.176,41268906.0451
linear,BTCUSDT,2023-07-24T11:00:00+00:00,29310.5,29323,29211.2,29260.1,1166.582,34141489.397
linear,BTCUSDT,2023-07-24T10:00:00+00:00,29160,29369.7,29100.3,29310.5,4330.03,126715976.1837
linear,BTCUSDT,2023-07-24T09:00:00+00:00,29744.2,29758.5,28941,29160,1810.753,53092680.1539
linear,BTCUSDT,2023-07-24T08:00:00+00:00,29815.3,29818.7,28139.2,29744.2,6928.068,204819924.4406
linear,BTCUSDT,2023-07-24T07:00:00+00:00,29768,29859.5,29719.2,29815.3,1181.694,35216212.2781
linear,BTCUSDT,2023-07-24T06:00:00+00:00,29786,29786,29755.1,29768,312.728,9310213.1017
linear,BTCUSDT,2023-07-24T05:00:00+00:00,29776.8,29806,29735.3,29786,341.303,10162128.9166
linear,BTCUSDT,2023-07-24T04:00:00+00:00,29703.7,29788.8,29646.9,29776.8,1230.476,36574564.1199
linear,BTCUSDT,2023-07-24T03:00:00+00:00,29783.8,29784.5,29654.8,29703.7,3584.806,106420754.6783
linear,BTCUSDT,2023-07-24T02:00:00+00:00,29901.8,29902.9,29749.9,29783.8,1584.955,47224675.4654
linear,BTCUSDT,2023-07-24T01:00:00+00:00,29998.9,30011.9,29852.5,29901.8,1123.478,33611846.5674
linear,BTCUSDT,2023-07-24T00:00:00+00:00,30071.1,30091.6,29998.1,29998.9,573.083,17224761.2985
linear,BTCUSDT,2023-07-23T23:00:00+00:00,30005.1,30085,30004.6,30071.1,543.826,16343814.0637
linear,BTCUSDT,2023-07-23T22:00:00+00:00,29940.2,30027.9,29929.8,30005.1,618.351,18546030.6913
linear,BTCUSDT,2023-07-23T21:00:00+00:00,30134.4,30134.4,29911.9,29940.2,905.52,27171276.5739
linear,BTCUSDT,2023-07-23T20:00:00+00:00,30087,30134.4,30083,30134.4,731.718,22031553.6137
linear,BTCUSDT,2023-07-23T19:00:00+00:00,30238.4,30340.6,30008,30087,1831.451,55281172.2628
linear,BTCUSDT,2023-07-23T18:00:00+00:00,30104.1,30281.9,30069.3,30238.4,1389.555,41901059.7358
linear,BTCUSDT,2023-07-23T17:00:00+00:00,29943.3,30117.6,29924.8,30104.1,2410.425,72176464.558
linear,BTCUSDT,2023-07-23T16:00:00+00:00,29886.2,29962.1,29882.5,29943.3,620.233,18559869.8512
linear,BTCUSDT,2023-07-23T15:00:00+00:00,29881.9,29896.8,29872.9,29886.2,372.76,11139905.2779
linear,BTCUSDT,2023-07-23T14:00:00+00:00,28748.2,29896,28736.5,29881.9,440.31,13022054.8745
linear,BTCUSDT,2023-07-23T13:00:00+00:00,44999.9,85526.3,22210,28748.2,83203.658,2650149151.398
linear,BTCUSDT,2023-07-23T12:00:00+00:00,500,199999.8,500,44999.9,51566.995,1821235938.5679
linear,BTCUSDT,2023-07-23T11:00:00+00:00,4749.9,34570,500,500,28733.232,574145196.9729
linear,BTCUSDT,2023-07-23T10:00:00+00:00,12310,12310,853,4749.9,13503.29,52046019.1214
linear,BTCUSDT,2023-07-23T09:00:00+00:00,22928,29985.1,12220,12310,21159.614,621687943.1588
linear,BTCUSDT,2023-07-23T08:00:00+00:00,29897.8,29934.7,8150,22928,34101.948,706809046.3326
linear,BTCUSDT,2023-07-23T07:00:00+00:00,29909.8,29911.9,29872.5,29897.8,14593.874,436166082.593
linear,BTCUSDT,2023-07-23T06:00:00+00:00,29912.4,29930.1,29882.2,29909.8,22235.657,664907195.9275
linear,BTCUSDT,2023-07-23T05:00:00+00:00,29894.3,29972.3,29890.3,29912.4,46549.204,1393485243.8365
linear,BTCUSDT,2023-07-23T04:00:00+00:00,29830.4,29910.6,29830.4,29894.3,19225.825,574328974.1139
linear,BTCUSDT,2023-07-23T03:00:00+00:00,29874.2,29876.2,29800,29830.4,12753.786,380671609.5947
linear,BTCUSDT,2023-07-23T02:00:00+00:00,29817.4,29882.2,29795.4,29874.2,20233.518,603899163.0698
linear,BTCUSDT,2023-07-23T01:00:00+00:00,29769.9,29859.3,29769.8,29817.4,30641.558,913766662.1791
linear,BTCUSDT,2023-07-23T00:00:00+00:00,29784.7,29814,29719.1,29769.9,52528.831,1563834848.1812
linear,BTCUSDT,2023-07-22T23:00:00+00:00,29794,29797.5,29633.6,29784.7,65875.299,1956403857.7786
linear,BTCUSDT,2023-07-22T22:00:00+00:00,30000.1,31090.3,29384.5,29794,20071.091,600384725.7257
linear,BTCUSDT,2023-07-22T21:00:00+00:00,29810.4,181700,28600,30000.1,55598.56,5099922692.6782
linear,BTCUSDT,2023-07-22T20:00:00+00:00,29821.9,30000,19127.1,29810.4,33124.672,874598718.6437
linear,BTCUSDT,2023-07-22T19:00:00+00:00,29798.6,29850,29787.7,29821.9,12846.792,383095651.4467
linear,BTCUSDT,2023-07-22T18:00:00+00:00,29826.3,29900,29789.6,29798.6,15569.013,464043570.2833
linear,BTCUSDT,2023-07-22T17:00:00+00:00,29888.3,29888.3,29796.6,29826.3,10660.542,318069618.9769
linear,BTCUSDT,2023-07-22T16:00:00+00:00,29883.4,30115.9,29847.9,29888.3,9661.061,288617626.5854
linear,BTCUSDT,2023-07-22T15:00:00+00:00,29885.6,29897.5,29823.3,29883.4,13868.449,414229704.9188
linear,BTCUSDT,2023-07-22T14:00:00+00:00,29836,29886.6,29827.7,29885.6,19699.234,588089633.2676
linear,BTCUSDT,2023-07-22T13:00:00+00:00,29885.2,29885.8,29819.8,29836,10077.434,300682941.5092
linear,BTCUSDT,2023-07-22T12:00:00+00:00,29251.9,30567.8,29141.4,29885.2,8238.784,245582592.4698
linear,BTCUSDT,2023-07-22T11:00:00+00:00,29664.6,29794.1,28853.9,29251.9,653.447,19170120.4846
linear,BTCUSDT,2023-07-22T10:00:00+00:00,29915.6,29982,28837,29664.6,21474.707,640494375.3094
linear,BTCUSDT,2023-07-22T09:00:00+00:00,29929,29958.1,29796.6,29915.6,15935.611,476816826.1582
linear,BTCUSDT,2023-07-22T08:00:00+00:00,29936.9,29982,29914.4,29929,22829.451,683539481.7177
linear,BTCUSDT,2023-07-22T07:00:00+00:00,29875,29981.6,29853,29936.9,33628.814,1006482988.2169
linear,BTCUSDT,2023-07-22T06:00:00+00:00,29855,29886.6,29831.5,29875,8609.762,257055095.0146
linear,BTCUSDT,2023-07-22T05:00:00+00:00,29870.8,29887.2,29842.6,29855,9465.268,282624451.8417
linear,BTCUSDT,2023-07-22T04:00:00+00:00,29885.2,29918.7,29853.4,29870.8,14578.737,435697139.0203
linear,BTCUSDT,2023-07-22T03:00:00+00:00,29925.4,29928.9,29876.6,29885.2,17776.046,531550317.1974
linear,BTCUSDT,2023-07-22T02:00:00+00:00,29908.9,29950,29807.4,29925.4,15393.579,460722449.4708
linear,BTCUSDT,2023-07-22T01:00:00+00:00,29969.9,29985.3,29270,29908.9,7805.581,233408494.6253
linear,BTCUSDT,2023-07-22T00:00:00+00:00,29891.5,29982.7,29889.8,29969.9,18553.431,555307683.0063
linear,BTCUSDT,2023-07-21T23:00:00+00:00,30679.4,33000,28837,29891.5,38589.759,1181022204.8619
linear,BTCUSDT,2023-07-21T22:00:00+00:00,29370,34167.5,28837,30679.4,23131.616,710168259.3478
linear,BTCUSDT,2023-07-21T21:00:00+00:00,29864.4,29911,29200,29370,12310.93,366350050.2221
linear,BTCUSDT,2023-07-21T20:00:00+00:00,29871.4,30150,29820,29864.4,25082.026,748798553.1259
linear,BTCUSDT,2023-07-21T19:00:00+00:00,29964.6,30000,29769,29871.4,61258.746,1829046551.1877
linear,BTCUSDT,2023-07-21T18:00:00+00:00,29906.6,30046.7,29906.6,29964.6,72144.176,2163178137.9027
linear,BTCUSDT,2023-07-21T17:00:00+00:00,29813.1,29912.9,29795,29906.6,25706.106,767558787.0018
linear,BTCUSDT,2023-07-21T16:00:00+00:00,29852,29860.8,29796.9,29813.1,33171.978,989175369.764
linear,BTCUSDT,2023-07-21T15:00:00+00:00,29865.3,29897.7,29841.3,29852,34829.587,1040013233.278
linear,BTCUSDT,2023-07-21T14:00:00+00:00,29801.9,29868.8,29768.5,29865.3,50645.937,1510222064.3875
linear,BTCUSDT,2023-07-21T13:00:00+00:00,29857.1,29900,29772.7,29801.9,62881.262,1876311357.2995
linear,BTCUSDT,2023-07-21T12:00:00+00:00,29766.2,30276.3,29766.2,29857.1,37676.01,1124179029.9105
linear,BTCUSDT,2023-07-21T11:00:00+00:00,29784.9,29802.5,29722.4,29766.2,22442.474,667783357.7612
linear,BTCUSDT,2023-07-21T10:00:00+00:00,29743,29812.7,29743,29784.9,20289.384,604317648.9526
linear,BTCUSDT,2023-07-21T09:00:00+00:00,29776.9,29838.8,29740.1,29743,20630.278,614566809.2672
linear,BTCUSDT,2023-07-21T08:00:00+00:00,29753.6,29803.3,29744.8,29776.9,21145.967,629638164.5467
linear,BTCUSDT,2023-07-21T07:00:00+00:00,29862.8,29879.2,29745.4,29753.6,25802.833,768524653.7885
linear,BTCUSDT,2023-07-21T06:00:00+00:00,29808,29862.8,29794.8,29862.8,22312.472,665192453.8186
linear,BTCUSDT,2023-07-21T05:00:00+00:00,29666,29817.3,29666,29808,10899.928,324768034.1242
linear,BTCUSDT,2023-07-21T04:00:00+00:00,29882.7,29893.3,29476.3,29666,11795.196,352198636.1527
linear,BTCUSDT,2023-07-21T03:00:00+00:00,29893,29940,29861.6,29882.7,28528.199,852884765.756
linear,BTCUSDT,2023-07-21T02:00:00+00:00,29864.4,29932.2,29828,29893,38086.52,1137993969.6142
linear,BTCUSDT,2023-07-21T01:00:00+00:00,29771.1,29882.3,29742.2,29864.4,39762.148,1186082040.0808
linear,BTCUSDT,2023-07-21T00:00:00+00:00,29790.5,29825,29720.4,29771.1,33835.873,1007580214.0629
linear,BTCUSDT,2023-07-20T23:00:00+00:00,29800,29838.3,29772,29790.5,18026.968,537035202.4703
linear,BTCUSDT,2023-07-20T22:00:00+00:00,29804.3,29859.3,29781.9,29800,25076.896,747672776.0147
linear,BTCUSDT,2023-07-20T21:00:00+00:00,29729.2,30148.6,29200,29804.3,44884.59,1336854009.7404
linear,BTCUSDT,2023-07-20T20:00:00+00:00,29741.6,29777.7,29657.4,29729.2,43908.639,1304067901.6481
linear,BTCUSDT,2023-07-20T19:00:00+00:00,29679.9,29750,29658.9,29741.6,53971.156,1603413873.6807
linear,BTCUSDT,2023-07-20T18:00:00+00:00,29744.9,29775.8,29583.3,29679.9,66298.761,1969755626.8125
linear,BTCUSDT,2023-07-20T17:00:00+00:00,29700.7,29811.8,29684.5,29744.9,58040.941,1725621011.1767
linear,BTCUSDT,2023-07-20T16:00:00+00:00,29797.4,29862.8,29672.8,29700.7,77790.746,2314721601.0313
linear,BTCUSDT,2023-07-20T15:00:00+00:00,29768.7,29880,29695,29797.4,87387.256,2603213325.607
linear,BTCUSDT,2023-07-20T14:00:00+00:00,30215.8,30230.2,29628,29768.7,103023.599,3083351893.8363
linear,BTCUSDT,2023-07-20T13:00:00+00:00,30210.5,30265.2,30164,30215.8,46840.322,1415392730.8018
linear,BTCUSDT,2023-07-20T12:00:00+00:00,30270.7,30859.6,30062.9,30210.5,36199.402,1095012707.092
linear,BTCUSDT,2023-07-20T11:00:00+00:00,30280.1,30500,30242.4,30270.7,39844.691,1206330562.793
linear,BTCUSDT,2023-07-20T10:00:00+00:00,30316.1,30403.6,30267.1,30280.1,74420.143,2258729505.6848
linear,BTCUSDT,2023-07-20T09:00:00+00:00,30264.5,30377.1,29583.3,30316.1,55740.72,1687668235.8705
linear,BTCUSDT,2023-07-20T08:00:00+00:00,30192.1,30287.4,30152.3,30264.5,47202.592,1426001467.7379
linear,BTCUSDT,2023-07-20T07:00:00+00:00,30108.3,30218,30087.3,30192.1,54186.746,1634426440.8294
linear,BTCUSDT,2023-07-20T06:00:00+00:00,30112.8,30187.4,30079.7,30108.3,60138.268,1811642560.2189
linear,BTCUSDT,2023-07-20T05:00:00+00:00,29949.8,30157.3,29940,30112.8,58419.397,1756580783.6043
linear,BTCUSDT,2023-07-20T04:00:00+00:00,29934.4,30000,29913.5,29949.8,17902.746,536116477.9735
linear,BTCUSDT,2023-07-20T03:00:00+00:00,29974.5,29982.2,29910.7,29934.4,17080.977,511494334.0117
linear,BTCUSDT,2023-07-20T02:00:00+00:00,29971.6,30036.3,29961.1,29974.5,25719.118,771534495.6052
linear,BTCUSDT,2023-07-20T01:00:00+00:00,29986,30016.7,29958.5,29971.6,22302.802,668807293.477
linear,BTCUSDT,2023-07-20T00:00:00+00:00,29894.9,29999,29867.4,29986,38197.232,1143378659.0405
linear,BTCUSDT,2023-07-19T23:00:00+00:00,29860.7,29925.9,29815.5,29894.9,32079.907,958397248.5533
linear,BTCUSDT,2023-07-19T22:00:00+00:00,29920.5,29947.4,29833.8,29860.7,40655.244,1214808802.6544
linear,BTCUSDT,2023-07-19T21:00:00+00:00,29956,29956,29836.4,29920.5,49307.879,1474397748.4558
linear,BTCUSDT,2023-07-19T20:00:00+00:00,30030.2,30041.6,29943.4,29956,40284.091,1208389432.633
linear,BTCUSDT,2023-07-19T19:00:00+00:00,30065.4,30085,29862.8,30030.2,46060.689,1383839389.3149
linear,BTCUSDT,2023-07-19T18:00:00+00:00,29979.5,30080,29930,30065.4,61403.688,1841903205.7762
linear,BTCUSDT,2023-07-19T17:00:00+00:00,29890,30067.4,29869.8,29979.5,76330.359,2287880387.1312
linear,BTCUSDT,2023-07-19T16:00:00+00:00,29942.2,29964.3,29860.3,29890,44732.735,1337718914.1189
linear,BTCUSDT,2023-07-19T15:00:00+00:00,29810.4,29999.9,29750.8,29942.2,76736.074,2292576780.2457
linear,BTCUSDT,2023-07-19T14:00:00+00:00,29983.3,30040.4,29777.7,29810.4,87625.875,2617403202.5208
linear,BTCUSDT,2023-07-19T13:00:00+00:00,29938,30079.3,29849.5,29983.3,69094.663,2069392667.0101
linear,BTCUSDT,2023-07-19T12:00:00+00:00,30002,30022.2,29530.2,29938,49666.681,1486733669.6024
linear,BTCUSDT,2023-07-19T11:00:00+00:00,29978.3,30022.2,29450,30002,29118.903,872622885.8352
linear,BTCUSDT,2023-07-19T10:00:00+00:00,29996.4,30035.9,29961.1,29978.3,23453.179,703443241.2223
linear,BTCUSDT,2023-07-19T09:00:00+00:00,29911.3,30035.9,29865.6,29996.4,44923.298,1345893049.091
linear,BTCUSDT,2023-07-19T08:00:00+00:00,29983.6,30775,29884.8,29911.3,37005.497,1108719197.3092
linear,BTCUSDT,2023-07-19T07:00:00+00:00,30032,30062.1,29955,29983.6,30054.576,901908877.129
linear,BTCUSDT,2023-07-19T06:00:00+00:00,30090.2,30103,29992.6,30032,30373.854,912481353.5669
linear,BTCUSDT,2023-07-19T05:00:00+00:00,30086.1,30108.8,30045.8,30090.2,28628.357,861166284.0542
linear,BTCUSDT,2023-07-19T04:00:00+00:00,30046.6,30166.6,30043.5,30086.1,55884.251,1682579753.8005
linear,BTCUSDT,2023-07-19T03:00:00+00:00,30009.4,30063.3,29957.3,30046.6,33874.382,1017324290.3179
linear,BTCUSDT,2023-07-19T02:00:00+00:00,29990.6,30019.5,29960,30009.4,30273.134,907978676.4584
linear,BTCUSDT,2023-07-19T01:00:00+00:00,30045.3,30059.4,29942.8,29990.6,49917.915,1497060200.8561
linear,BTCUSDT,2023-07-19T00:00:00+00:00,29847.9,30058.3,29828,30045.3,62763.122,1879946599.0977
linear,BTCUSDT,2023-07-18T23:00:00+00:00,29811.1,29853.4,29750,29847.9,32482.803,968322240.7686
linear,BTCUSDT,2023-07-18T22:00:00+00:00,29792.3,29811.1,29747.2,29811.1,26392.976,786141988.7833
linear,BTCUSDT,2023-07-18T21:00:00+00:00,29764.4,29820,29739,29792.3,33091.454,985564041.2456
linear,BTCUSDT,2023-07-18T20:00:00+00:00,29700,29797.7,29685.6,29764.4,42002.669,1249288385.4484
linear,BTCUSDT,2023-07-18T19:00:00+00:00,29891.2,29930,29691.5,29700,59287.838,1766900184.8608
linear,BTCUSDT,2023-07-18T18:00:00+00:00,29800.7,29915,29778.9,29891.2,55929.465,1669903714.4251
linear,BTCUSDT,2023-07-18T17:00:00+00:00,29690,29800.7,29500,29800.7,91612.059,2722950669.9882
linear,BTCUSDT,2023-07-18T16:00:00+00:00,29901,29953.5,29577,29690,77266.512,2304564164.642
linear,BTCUSDT,2023-07-18T15:00:00+00:00,29912.2,29919.8,29825.3,29901,64734.549,1933621285.8359
linear,BTCUSDT,2023-07-18T14:00:00+00:00,29813.7,30000,29812,29912.2,91307.169,2729737552.0282
linear,BTCUSDT,2023-07-18T13:00:00+00:00,29771.9,29851,29718.8,29813.7,88163.48,2626637728.15
linear,BTCUSDT,2023-07-18T12:00:00+00:00,29871.9,29906.5,29733.3,29771.9,108837.16,3246008221.2839
linear,BTCUSDT,2023-07-18T11:00:00+00:00,29979.9,30047.2,29834.5,29871.9,51031.845,1528546166.4639
linear,BTCUSDT,2023-07-18T10:00:00+00:00,29948,30020.7,29891.6,29979.9,44142.243,1322337196.0714
linear,BTCUSDT,2023-07-18T09:00:00+00:00,30010.7,30027.6,29933.5,29948,39220.769,1176050554.6081
linear,BTCUSDT,2023-07-18T08:00:00+00:00,29952.5,30098.4,29886.3,30010.7,84396.119,2530446461.9382
linear,BTCUSDT,2023-07-18T07:00:00+00:00,29976.4,30030,29920,29952.5,54343.536,1629673210.6187
linear,BTCUSDT,2023-07-18T06:00:00+00:00,30039.3,30085,29920.6,29976.4,57356.909,1720094447.789
linear,BTCUSDT,2023-07-18T05:00:00+00:00,30110.5,30110.5,30025.1,30039.3,25218.892,758149371.5689
linear,BTCUSDT,2023-07-18T04:00:00+00:00,30064,30110.5,30027,30110.5,30696.896,922958034.4811
linear,BTCUSDT,2023-07-18T03:00:00+00:00,30105.7,30150,30062,30064,22153.876,667001431.0768
linear,BTCUSDT,2023-07-18T02:00:00+00:00,30200.1,30214.8,30094.4,30105.7,23629.937,712271871.4801
linear,BTCUSDT,2023-07-18T01:00:00+00:00,30159.4,30218,30130.4,30200.1,32466.734,979508666.0913
linear,BTCUSDT,2023-07-18T00:00:00+00:00,30124.8,30180.9,30098,30159.4,36907.332,1112490745.8178
linear,BTCUSDT,2023-07-17T23:00:00+00:00,30091.8,30157.3,30065.5,30124.8,28088.311,845847215.1541
linear,BTCUSDT,2023-07-17T22:00:00+00:00,30230.1,30258,30088.5,30091.8,51050.827,1540445718.9151
linear,BTCUSDT,2023-07-17T21:00:00+00:00,29912,30259.9,29908.5,30230.1,44286.728,1331286629.966
linear,BTCUSDT,2023-07-17T20:00:00+00:00,29880.4,29972.9,29867.4,29912,50708.509,1517233488.045
linear,BTCUSDT,2023-07-17T19:00:00+00:00,29788.8,29914.1,29739,29880.4,90100.284,2688469885.1275
linear,BTCUSDT,2023-07-17T18:00:00+00:00,30022.4,30050.6,29640.3,29788.8,101512.454,3034464789.0896
linear,BTCUSDT,2023-07-17T17:00:00+00:00,30125,30143,29931,30022.4,88213.073,2651217685.2011
linear,BTCUSDT,2023-07-17T16:00:00+00:00,30160.9,30224,30071,30125,74385.205,2241999941.6265
linear,BTCUSDT,2023-07-17T15:00:00+00:00,30269.1,30284.8,30114.8,30160.9,62108.537,1874936186.8315
linear,BTCUSDT,2023-07-17T14:00:00+00:00,30272.6,30297.6,30215,30269.1,51963.299,1572193370.709
linear,BTCUSDT,2023-07-17T13:00:00+00:00,30196.9,30297.2,30151.2,30272.6,57740.744,1744937915.0729
linear,BTCUSDT,2023-07-17T12:00:00+00:00,30146.8,30313.9,30024.8,30196.9,65155.796,1961268451.6773
linear,BTCUSDT,2023-07-17T11:00:00+00:00,30148.9,30245.6,30127,30146.8,48867.103,1475491613.0029
linear,BTCUSDT,2023-07-17T10:00:00+00:00,30170.1,30200,29982.2,30148.9,79144.559,2382462344.445
linear,BTCUSDT,2023-07-17T09:00:00+00:00,30244.4,30271.9,30150,30170.1,42462.98,1282486957.9477
linear,BTCUSDT,2023-07-17T08:00:00+00:00,30265,30308.7,30244.3,30244.4,16072.78,486707400.8531
linear,BTCUSDT,2023-07-17T07:00:00+00:00,30260,30275.2,30224.6,30265,10973.844,332000607.3204
linear,BTCUSDT,2023-07-17T06:00:00+00:00,30250.7,30267.8,30221.2,30260,10568.961,319714206.9206
linear,BTCUSDT,2023-07-17T05:00:00+00:00,30162.3,30310.9,30162.3,30250.7,11801.792,357314819.7275
linear,BTCUSDT,2023-07-17T04:00:00+00:00,30295.9,31397.1,29500,30162.3,12210.021,370008260.6509
linear,BTCUSDT,2023-07-17T03:00:00+00:00,30250.8,30306.2,30240.4,30295.9,12275.138,371631386.6673
linear,BTCUSDT,2023-07-17T02:00:00+00:00,30276.1,30298,30246.1,30250.8,12007.178,363451555.2956
linear,BTCUSDT,2023-07-17T01:00:00+00:00,30196.8,30314.7,30177.4,30276.1,23706.904,717020850.9172
linear,BTCUSDT,2023-07-17T00:00:00+00:00,30219.2,30298.7,30169.5,30196.8,57777.65,1746130306.1961
linear,BTCUSDT,2023-07-16T23:00:00+00:00,30309.1,30320.7,30125,30219.2,48205.266,1456177862.0394
linear,BTCUSDT,2023-07-16T22:00:00+00:00,30275.7,30348.3,30259.3,30309.1,22805.922,691241738.2342
linear,BTCUSDT,2023-07-16T21:00:00+00:00,30260.6,30292.9,30255.3,30275.7,5544.829,167872869.3847
linear,BTCUSDT,2023-07-16T20:00:00+00:00,30244.9,30281.2,30206.4,30260.6,19908.991,602346271.0495
linear,BTCUSDT,2023-07-16T19:00:00+00:00,30261.6,30288.8,30206.6,30244.9,30183.226,913001800.7702
linear,BTCUSDT,2023-07-16T18:00:00+00:00,30366.8,30990,29500,30261.6,20888.556,632657181.6639
linear,BTCUSDT,2023-07-16T17:00:00+00:00,30348.3,30391,30336.5,30366.8,11642.23,353519373.7189
linear,BTCUSDT,2023-07-16T16:00:00+00:00,30366.9,30391.8,30310,30348.3,22208.432,674040818.5385
linear,BTCUSDT,2023-07-16T15:00:00+00:00,30387,30411.7,30280,30366.9,26708.885,811579564.1859
linear,BTCUSDT,2023-07-16T14:00:00+00:00,30290,30431,30288.7,30387,56141.676,1704944754.8456
linear,BTCUSDT,2023-07-16T13:00:00+00:00,30281.9,30300.2,30251,30290,12823.975,388310747.313
linear,BTCUSDT,2023-07-16T12:00:00+00:00,30291.5,30332.3,30272.7,30281.9,13230.278,400848231.4005
linear,BTCUSDT,2023-07-16T11:00:00+00:00,30273.5,30307.9,30263.5,30291.5,11222.449,339923526.3435
linear,BTCUSDT,2023-07-16T10:00:00+00:00,30290.6,30334.5,30257.9,30273.5,29956.055,907367312.9973
linear,BTCUSDT,2023-07-16T09:00:00+00:00,30284.4,30305.2,30274.4,30290.6,13103.828,396869068.9692
linear,BTCUSDT,2023-07-16T08:00:00+00:00,30253,30294.2,30252.8,30284.4,10319.616,312425169.7002
linear,BTCUSDT,2023-07-16T07:00:00+00:00,30244.3,30292.1,30234.5,30253,10670.619,322912228.0667
linear,BTCUSDT,2023-07-16T06:00:00+00:00,30223,31700,29500,30244.3,14769.73,447199583.1656
linear,BTCUSDT,2023-07-16T05:00:00+00:00,30151.4,30225.1,30119.4,30223,14532.48,438764180.2474
linear,BTCUSDT,2023-07-16T04:00:00+00:00,30176,30211.8,30128.7,30151.4,27062.119,816301292.7354
linear,BTCUSDT,2023-07-16T03:00:00+00:00,30235.8,30247.1,30168.3,30176,38871.011,1174011300.0321
linear,BTCUSDT,2023-07-16T02:00:00+00:00,30251,30323.6,30073.9,30235.8,64193.158,1937876753.3299
linear,BTCUSDT,2023-07-16T01:00:00+00:00,30289.7,30325.5,30246.7,30251,13287.06,402356946.7616
linear,BTCUSDT,2023-07-16T00:00:00+00:00,30296.5,30301,30261.3,30289.7,6677.806,202187288.9734
linear,BTCUSDT,2023-07-15T23:00:00+00:00,30272.5,30296.5,30254.8,30296.5,9293.855,281312343.9726
linear,BTCUSDT,2023-07-15T22:00:00+00:00,30290.7,30302.8,30258.8,30272.5,14843.76,449425761.3892
linear,BTCUSDT,2023-07-15T21:00:00+00:00,30284.9,30304.9,30259.9,30290.7,10833.122,327991566.8517
linear,BTCUSDT,2023-07-15T20:00:00+00:00,30312.3,30317.2,30276,30284.9,10303.763,312106102.8796
linear,BTCUSDT,2023-07-15T19:00:00+00:00,30303.9,30338.6,30271.2,30312.3,10173.282,308442435.4336
linear,BTCUSDT,2023-07-15T18:00:00+00:00,30271.6,30339.6,30270.8,30303.9,18223.787,552399278.9548
linear,BTCUSDT,2023-07-15T17:00:00+00:00,30266.2,30300.7,30252,30271.6,11505.79,348375272.5815
linear,BTCUSDT,2023-07-15T16:00:00+00:00,30290.5,30300,30240,30266.2,27525.174,833082052.2803
linear,BTCUSDT,2023-07-15T15:00:00+00:00,30270.9,30307.1,30240.7,30290.5,22816.073,690868630.8903
linear,BTCUSDT,2023-07-15T14:00:00+00:00,30309.4,30332.6,30258,30270.9,18614.815,563832727.3949
linear,BTCUSDT,2023-07-15T13:00:00+00:00,30337.1,30345,30261.4,30309.4,21744.196,658860455.9315
linear,BTCUSDT,2023-07-15T12:00:00+00:00,30294.9,30345,30294.9,30337.1,11076.881,335897462.7288
linear,BTCUSDT,2023-07-15T11:00:00+00:00,30311,30321.1,30275,30294.9,12578.394,381114036.9543
linear,BTCUSDT,2023-07-15T10:00:00+00:00,30338.2,30359.9,30287.1,30311,16186.903,490990109.0584
linear,BTCUSDT,2023-07-15T09:00:00+00:00,30301.4,30338.3,30300.4,30338.2,9759.591,295906557.1653
linear,BTCUSDT,2023-07-15T08:00:00+00:00,30317,30337,30203.9,30301.4,16419.759,497447948.8412
linear,BTCUSDT,2023-07-15T07:00:00+00:00,30299.8,30348.5,30287.3,30317,22081.46,669504169.9037
linear,BTCUSDT,2023-07-15T06:00:00+00:00,30281,30303.3,30252,30299.8,14270.959,432169288.1761
linear,BTCUSDT,2023-07-15T05:00:00+00:00,30282.9,30303.5,30242,30281,11372.245,344275106.7815
linear,BTCUSDT,2023-07-15T04:00:00+00:00,30277.5,30332.6,30275.7,30282.9,13313.952,403291565.3592
linear,BTCUSDT,2023-07-15T03:00:00+00:00,30276.6,30323.4,30253.3,30277.5,22713.979,687882223.7487
linear,BTCUSDT,2023-07-15T02:00:00+00:00,30324.1,30345.4,30273.1,30276.6,20951.194,634812252.1697
linear,BTCUSDT,2023-07-15T01:00:00+00:00,30312.3,30365.4,30220,30324.1,27432.605,831807912.1133
linear,BTCUSDT,2023-07-15T00:00:00+00:00,30294.1,30312.3,30203.9,30312.3,37710.625,1141365962.0398
linear,BTCUSDT,2023-07-14T23:00:00+00:00,30211,30299.5,30194.3,30294.1,42284.139,1279644287.0253
linear,BTCUSDT,2023-07-14T22:00:00+00:00,30225.4,30240,30180.2,30211,36710.651,1108999684.0791
linear,BTCUSDT,2023-07-14T21:00:00+00:00,30178.2,30254.5,30131.1,30225.4,53211.16,1607053868.9866
linear,BTCUSDT,2023-07-14T20:00:00+00:00,30095.7,30281.2,29965.5,30178.2,96042.825,2888888558.2059
linear,BTCUSDT,2023-07-14T19:00:00+00:00,30084.3,30299.5,29902.9,30095.7,115698.016,3481089873.6752
linear,BTCUSDT,2023-07-14T18:00:00+00:00,30672.4,30755.7,30057.5,30084.3,163818.528,4973204716.2789
linear,BTCUSDT,2023-07-14T17:00:00+00:00,31205.1,31553,30672.4,30672.4,130741.959,4044553693.1949
linear,BTCUSDT,2023-07-14T16:00:00+00:00,31235.7,31272.3,30941,31205.1,83073.945,2591981413.5483
linear,BTCUSDT,2023-07-14T15:00:00+00:00,31299.4,31359,31190,31235.7,78446.204,2453988574.9234
linear,BTCUSDT,2023-07-14T14:00:00+00:00,31248.1,31589,30941,31299.4,68904.515,2151541816.905
linear,BTCUSDT,2023-07-14T13:00:00+00:00,31125.8,31274.9,31027.2,31248.1,77360.451,2411201567.2788
linear,BTCUSDT,2023-07-14T12:00:00+00:00,30475,31190,30474.9,31125.8,23240.678,723884733.2397
linear,BTCUSDT,2023-07-14T11:00:00+00:00,31173.2,31400,30400,30475,32627.343,1017485156.1962
linear,BTCUSDT,2023-07-14T10:00:00+00:00,31328.7,31328.7,31090,31173.2,49877.005,1553436176.1884
linear,BTCUSDT,2023-07-14T09:00:00+00:00,31241.6,31565,31111.1,31328.7,42849.779,1336548575.5218
linear,BTCUSDT,2023-07-14T08:00:00+00:00,31097.1,31325,31085.9,31241.6,65549.305,2045865584.8305
linear,BTCUSDT,2023-07-14T07:00:00+00:00,31284.2,31332.6,31080,31097.1,77683.701,2424396872.8768
linear,BTCUSDT,2023-07-14T06:00:00+00:00,31280,31384,31255,31284.2,30825.826,965656193.2529
linear,BTCUSDT,2023-07-14T05:00:00+00:00,31383.8,31415.9,30960,31280,33145.607,1039566169.4434
linear,BTCUSDT,2023-07-14T04:00:00+00:00,31446,31455.6,31275.6,31383.8,37268.826,1170639879.6782
linear,BTCUSDT,2023-07-14T03:00:00+00:00,31448.7,31940.9,30200,31446,37841.739,1189583967.9567
linear,BTCUSDT,2023-07-14T02:00:00+00:00,31408.8,31468.2,31090.3,31448.7,25364.028,796557711.0331
linear,BTCUSDT,2023-07-14T01:00:00+00:00,31433.8,31481.8,31275.6,31408.8,70193.55,2203519281.9659
linear,BTCUSDT,2023-07-14T00:00:00+00:00,31439.3,31506.5,31325,31433.8,104688.909,3290924568.725
linear,BTCUSDT,2023-07-13T23:00:00+00:00,31296.9,31632,30985.5,31439.3,56158.537,1762967241.3073
linear,BTCUSDT,2023-07-13T22:00:00+00:00,31244,31345.4,31200.9,31296.9,66743.362,2088181914.9672
linear,BTCUSDT,2023-07-13T21:00:00+00:00,31359.6,31382.8,31075.9,31244,95538.691,2980396046.1571
linear,BTCUSDT,2023-07-13T20:00:00+00:00,31603.9,31794.3,31328.1,31359.6,88401.521,2787669696.6953
linear,BTCUSDT,2023-07-13T19:00:00+00:00,31253.7,31808.7,31237.6,31603.9,154029.784,4858649662.9309
linear,BTCUSDT,2023-07-13T18:00:00+00:00,31063,31462.4,30995.2,31253.7,152088.759,4753810003.291
linear,BTCUSDT,2023-07-13T17:00:00+00:00,30820,31176.3,30637.5,31063,120323.94,3723376662.5639
linear,BTCUSDT,2023-07-13T16:00:00+00:00,30910.6,30957.5,30727.2,30820,151795.669,4684318779.4284
linear,BTCUSDT,2023-07-13T15:00:00+00:00,30558.6,31175,30537,30910.6,108944.939,3359030350.4514
linear,BTCUSDT,2023-07-13T14:00:00+00:00,30646,30677.1,30459.4,30558.6,67815.577,2072028325.3617
linear,BTCUSDT,2023-07-13T13:00:00+00:00,30502.9,30662.2,30491.5,30646,53906.309,1648263836.9818
linear,BTCUSDT,2023-07-13T12:00:00+00:00,30531.4,30600,30451.5,30502.9,67008.576,2045183170.1863
linear,BTCUSDT,2023-07-13T11:00:00+00:00,30562,30625,30500,30531.4,29247.945,893565071.7796
linear,BTCUSDT,2023-07-13T10:00:00+00:00,30562.8,30623.9,30517.1,30562,39359.915,1203193741.2956
linear,BTCUSDT,2023-07-13T09:00:00+00:00,30399.6,32298.6,30399.6,30562.8,66231.223,2024355524.5375
linear,BTCUSDT,2023-07-13T08:00:00+00:00,30360.1,30415.2,30331.4,30399.6,19290.735,586052168.114
linear,BTCUSDT,2023-07-13T07:00:00+00:00,30373.8,30420,30347.5,30360.1,27051.737,821883226.2494
linear,BTCUSDT,2023-07-13T06:00:00+00:00,30312,30486.1,30200,30373.8,27833.435,844321240.2404
linear,BTCUSDT,2023-07-13T05:00:00+00:00,30284.4,30313.7,30249,30312,23285.827,705159063.0351
linear,BTCUSDT,2023-07-13T04:00:00+00:00,30287.5,30312.9,30245,30284.4,32710.431,990465905.696
linear,BTCUSDT,2023-07-13T03:00:00+00:00,30321.3,30345,30261.4,30287.5,28810.261,872674692.14
linear,BTCUSDT,2023-07-13T02:00:00+00:00,30376,30390,30307.5,30321.3,17699.162,537040700.8652
linear,BTCUSDT,2023-07-13T01:00:00+00:00,30341.6,30387.7,30283.8,30376,31923.484,968483024.759
linear,BTCUSDT,2023-07-13T00:00:00+00:00,30366.6,30423,30328.5,30341.6,27613.229,838673910.4836
linear,BTCUSDT,2023-07-12T23:00:00+00:00,30349,30408.1,30342.7,30366.6,20143.749,611783116.7629
linear,BTCUSDT,2023-07-12T22:00:00+00:00,30351.4,30537,29849.6,30349,9626.808,292050222.5091
linear,BTCUSDT,2023-07-12T21:00:00+00:00,30329.5,30359.9,30299.9,30351.4,26002.289,788629588.4559
linear,BTCUSDT,2023-07-12T20:00:00+00:00,30271,30330.6,30224.6,30329.5,55576.524,1682855951.3728
linear,BTCUSDT,2023-07-12T19:00:00+00:00,30512.1,30512.1,30213.1,30271,79434.82,2408319915.3367
linear,BTCUSDT,2023-07-12T18:00:00+00:00,30434.2,30519.9,30410,30512.1,39315.331,1198012854.9769
linear,BTCUSDT,2023-07-12T17:00:00+00:00,30466.2,30514,30411.7,30434.2,57490.671,1750874287.8944
linear,BTCUSDT,2023-07-12T16:00:00+00:00,30514,30528.3,30408.6,30466.2,86602.249,2639142042.1349
linear,BTCUSDT,2023-07-12T15:00:00+00:00,30716.8,30800,30466.4,30514,116817.106,3576277235.4568
linear,BTCUSDT,2023-07-12T14:00:00+00:00,30652.2,30812,30640.4,30716.8,90465.695,2782139270.4224
linear,BTCUSDT,2023-07-12T13:00:00+00:00,30710.9,32000,29613.5,30652.2,111417.538,3417580945.4465
linear,BTCUSDT,2023-07-12T12:00:00+00:00,30767,30950,30621.5,30710.9,113205.529,3484770574.9726
linear,BTCUSDT,2023-07-12T11:00:00+00:00,30669.2,30782.8,30644.2,30767,32518.987,998742871.2639
linear,BTCUSDT,2023-07-12T10:00:00+00:00,30710.9,30841,30650.3,30669.2,18808.406,577083917.2359
linear,BTCUSDT,2023-07-12T09:00:00+00:00,30721,30745.7,30670,30710.9,20732.363,636687555.6646
linear,BTCUSDT,2023-07-12T08:00:00+00:00,30727.1,30782.7,30665,30721,47045.599,1444789980.827
linear,BTCUSDT,2023-07-12T07:00:00+00:00,30709.4,30831,30699.8,30727.1,68427.921,2105571166.2601
linear,BTCUSDT,2023-07-12T06:00:00+00:00,30639.9,30763,30370.3,30709.4,57866.421,1776667335.4075
linear,BTCUSDT,2023-07-12T05:00:00+00:00,30624,30685.7,30538.8,30639.9,30100.778,922163523.756
linear,BTCUSDT,2023-07-12T04:00:00+00:00,30579.4,30624,30555,30624,12240.258,374441307.8656
linear,BTCUSDT,2023-07-12T03:00:00+00:00,30596.4,30650,30565.6,30579.4,14980.116,458214405.4468
linear,BTCUSDT,2023-07-12T02:00:00+00:00,30522.5,30650,30504.3,30596.4,24737.645,756694726.8504
linear,BTCUSDT,2023-07-12T01:00:00+00:00,30497.6,30565.5,30487,30522.5,30604.594,934106169.9768
linear,BTCUSDT,2023-07-12T00:00:00+00:00,30610.8,30618.9,30489.7,30497.6,31045.017,948798331.6592
linear,BTCUSDT,2023-07-11T23:00:00+00:00,30574.1,30632.7,30565.5,30610.8,19391.316,593379026.2155
linear,BTCUSDT,2023-07-11T22:00:00+00:00,30558.2,30596.8,30495.1,30574.1,24644.89,752855171.4523
linear,BTCUSDT,2023-07-11T21:00:00+00:00,30556.3,30575.3,30486.1,30558.2,24190.906,738549098.9623
linear,BTCUSDT,2023-07-11T20:00:00+00:00,30565.9,30614.6,30533.6,30556.3,31885.275,975002609.6635
linear,BTCUSDT,2023-07-11T19:00:00+00:00,30465.3,30566,30444,30565.9,41157.123,1255964689.9369
linear,BTCUSDT,2023-07-11T18:00:00+00:00,30566.2,30600,30389.9,30465.3,47842.679,1457816384.9634
linear,BTCUSDT,2023-07-11T17:00:00+00:00,30637.5,30653.6,30534.3,30566.2,54305.102,1661925281.8369
linear,BTCUSDT,2023-07-11T16:00:00+00:00,30583.3,30687.5,30492.7,30637.5,67991.055,2078520740.1305
linear,BTCUSDT,2023-07-11T15:00:00+00:00,30509.8,30745,30483.5,30583.3,97488.304,2981724956.0392
linear,BTCUSDT,2023-07-11T14:00:00+00:00,30436.9,30576.7,30364.7,30509.8,89942.042,2740716119.3548
linear,BTCUSDT,2023-07-11T13:00:00+00:00,30422.4,30477.1,30324.9,30436.9,50786.942,1544373272.8582
linear,BTCUSDT,2023-07-11T12:00:00+00:00,30397.5,30450,30360.4,30422.4,28960.656,880232754.6418
linear,BTCUSDT,2023-07-11T11:00:00+00:00,30384.9,30443.3,30375,30397.5,20552.858,624892587.3468
linear,BTCUSDT,2023-07-11T10:00:00+00:00,30434.6,30435.1,30359,30384.9,25507.294,775234656.0871
linear,BTCUSDT,2023-07-11T09:00:00+00:00,30483.1,30514.6,30348.1,30434.6,51318.352,1560278778.299
linear,BTCUSDT,2023-07-11T08:00:00+00:00,30652.5,30652.5,28818.1,30483.1,15196.488,459896950.1481
linear,BTCUSDT,2023-07-11T07:00:00+00:00,30625.5,31414.5,27106.2,30652.5,44642.076,1356688419.6853
linear,BTCUSDT,2023-07-11T06:00:00+00:00,30442.9,30629,30438.3,30625.5,43815.269,1338176383.5691
linear,BTCUSDT,2023-07-11T05:00:00+00:00,30429.7,30478.6,30358.7,30442.9,19831.377,603622050.7653
linear,BTCUSDT,2023-07-11T04:00:00+00:00,30463.4,30500,30420,30429.7,18885.531,575248575.3411
linear,BTCUSDT,2023-07-11T03:00:00+00:00,30472.6,30484.7,30387.8,30463.4,23929.235,728413838.9377
linear,BTCUSDT,2023-07-11T02:00:00+00:00,30574.3,30589.7,30448.3,30472.6,37426.735,1141827928.3596
linear,BTCUSDT,2023-07-11T01:00:00+00:00,30407.5,30588.3,30385.8,30574.3,61624.475,1879121466.1627
linear,BTCUSDT,2023-07-11T00:00:00+00:00,30396.5,30469.8,30351.2,30407.5,65889.14,2003058753.3942
linear,BTCUSDT,2023-07-10T23:00:00+00:00,30334.5,30403.8,30321.6,30396.5,52834.775,1604370341.4055
linear,BTCUSDT,2023-07-10T22:00:00+00:00,30364.2,30368.1,30166.3,30334.5,109551.206,3316852917.9541
linear,BTCUSDT,2023-07-10T21:00:00+00:00,30776.2,30796,30363.6,30364.2,64266.192,1972478825.7434
linear,BTCUSDT,2023-07-10T20:00:00+00:00,30815.1,31039.6,30759,30776.2,103551.703,3197306967.3438
linear,BTCUSDT,2023-07-10T19:00:00+00:00,30512.6,30825.4,30484.3,30815.1,105165.014,3219419175.5597
linear,BTCUSDT,2023-07-10T18:00:00+00:00,30265.5,30648.5,30252.7,30512.6,50671.673,1540729047.5363
linear,BTCUSDT,2023-07-10T17:00:00+00:00,30025.1,30450,30025.1,30265.5,17835.906,540454350.7623
linear,BTCUSDT,2023-07-10T16:00:00+00:00,30302.2,32000,28784.5,30025.1,24836.75,751269149.5093
linear,BTCUSDT,2023-07-10T15:00:00+00:00,30299,30310.3,30226.5,30302.2,50929.924,1541707905.7602
linear,BTCUSDT,2023-07-10T14:00:00+00:00,30203.3,30400,30000,30299,65365.553,1977936732.7448
linear,BTCUSDT,2023-07-10T13:00:00+00:00,29908.6,30321.8,29908.6,30203.3,42273.044,1278327461.7566
linear,BTCUSDT,2023-07-10T12:00:00+00:00,30221.7,30612.8,28837,29908.6,9311.556,281051965.355
linear,BTCUSDT,2023-07-10T11:00:00+00:00,30172.8,30230.8,30163.3,30221.7,24156.74,729263816.879
linear,BTCUSDT,2023-07-10T10:00:00+00:00,30150,30220,30127.6,30172.8,27750.834,837393904.5729
linear,BTCUSDT,2023-07-10T09:00:00+00:00,30085.2,30183.7,30021.8,30150,46742.227,1407254217.7879
linear,BTCUSDT,2023-07-10T08:00:00+00:00,30099.6,30450,30022.4,30085.2,42746.107,1285628188.985
linear,BTCUSDT,2023-07-10T07:00:00+00:00,30078.6,30132,30067.9,30099.6,26536.632,798618795.6297
linear,BTCUSDT,2023-07-10T06:00:00+00:00,30068.4,30110.7,30035.9,30078.6,32210.133,968637095.4378
linear,BTCUSDT,2023-07-10T05:00:00+00:00,30108.4,30133.4,30067.5,30068.4,25738.705,774698869.4063
linear,BTCUSDT,2023-07-10T04:00:00+00:00,30145,30174.2,30105,30108.4,18399.722,554348541.3311
linear,BTCUSDT,2023-07-10T03:00:00+00:00,30188.3,30227.2,30141.2,30145,31663.263,955652005.9185
linear,BTCUSDT,2023-07-10T02:00:00+00:00,30035.9,30217.5,30033.9,30188.3,47420.119,1428047877.5418
linear,BTCUSDT,2023-07-10T01:00:00+00:00,29435,30124.3,29435,30035.9,13358.323,401719418.4681
linear,BTCUSDT,2023-07-10T00:00:00+00:00,30146.5,30450.1,29339.1,29435,91089.6,2737626563.3921
linear,BTCUSDT,2023-07-09T23:00:00+00:00,30160,30171.4,30112.3,30146.5,19680.228,593166070.4951
linear,BTCUSDT,2023-07-09T22:00:00+00:00,30142.1,30187.4,30044.2,30160,49051.756,1477302233.2861
linear,BTCUSDT,2023-07-09T21:00:00+00:00,30052.6,30196.1,30052.6,30142.1,13961.368,420928617.6467
linear,BTCUSDT,2023-07-09T20:00:00+00:00,30235.3,30400,29583.3,30052.6,8697.329,262740501.4245
linear,BTCUSDT,2023-07-09T19:00:00+00:00,30244.6,30262.4,30189.6,30235.3,14284.546,431672661.3807
linear,BTCUSDT,2023-07-09T18:00:00+00:00,30148.1,30276.2,30139.9,30244.6,9037.71,273451315.6781
linear,BTCUSDT,2023-07-09T17:00:00+00:00,30271.8,30345.4,30029.2,30148.1,20122.33,608863384.6404
linear,BTCUSDT,2023-07-09T16:00:00+00:00,30336.9,30345.4,30265.6,30271.8,22535.917,682745644.0421
linear,BTCUSDT,2023-07-09T15:00:00+00:00,30332.8,30382,30250,30336.9,44760.94,1357511443.3335
linear,BTCUSDT,2023-07-09T14:00:00+00:00,30248.4,30418.6,30176.2,30332.8,69915.813,2117426891.0087
linear,BTCUSDT,2023-07-09T13:00:00+00:00,30319.1,30338,30239.8,30248.4,28874.449,874692839.0578
linear,BTCUSDT,2023-07-09T12:00:00+00:00,30255.3,30330.8,30234.1,30319.1,28580.132,865796325.7705
linear,BTCUSDT,2023-07-09T11:00:00+00:00,30255.6,30280,30229.5,30255.3,8402.433,254195929.198
linear,BTCUSDT,2023-07-09T10:00:00+00:00,30265,30284.2,30220,30255.6,9011.122,272713948.0738
linear,BTCUSDT,2023-07-09T09:00:00+00:00,30291.4,30291.8,30230.2,30265,9402.314,284513848.7239
linear,BTCUSDT,2023-07-09T08:00:00+00:00,30248.1,30296.2,30248.1,30291.4,10882.157,329471977.9588
linear,BTCUSDT,2023-07-09T07:00:00+00:00,30246.5,30276.2,30219.3,30248.1,12026.425,363777099.0192
linear,BTCUSDT,2023-07-09T06:00:00+00:00,30248.7,30276.2,30222.2,30246.5,13330.927,403120503.4193
linear,BTCUSDT,2023-07-09T05:00:00+00:00,30266.1,30300,30220,30248.7,11915.673,360635938.8299
linear,BTCUSDT,2023-07-09T04:00:00+00:00,30275,30307.9,30240,30266.1,13118.743,397145676.3417
linear,BTCUSDT,2023-07-09T03:00:00+00:00,30292.4,30308.5,30247,30275,12006.809,363582054.8438
linear,BTCUSDT,2023-07-09T02:00:00+00:00,30320.2,30348.3,30257.3,30292.4,16204.316,491051777.3558
linear,BTCUSDT,2023-07-09T01:00:00+00:00,30324.1,30395.3,30288.6,30320.2,31902.166,968205098.5092
linear,BTCUSDT,2023-07-09T00:00:00+00:00,30270.3,30600,30000,30324.1,16415.943,497123306.4148
linear,BTCUSDT,2023-07-08T23:00:00+00:00,30211.1,30280,30183.4,30270.3,20984.128,634486427.3455
linear,BTCUSDT,2023-07-08T22:00:00+00:00,30170,30216,30100,30211.1,11223.474,338770082.7406
linear,BTCUSDT,2023-07-08T21:00:00+00:00,30144.4,30187.2,30132.5,30170,14019.103,422846934.8353
linear,BTCUSDT,2023-07-08T20:00:00+00:00,30101.8,30144.4,30045.4,30144.4,27238.499,819821069.7998
linear,BTCUSDT,2023-07-08T19:00:00+00:00,30277.5,30277.5,30033.5,30101.8,32321.863,972931505.5824
linear,BTCUSDT,2023-07-08T18:00:00+00:00,30240.2,30600,30189.2,30277.5,10677.679,323407321.7511
linear,BTCUSDT,2023-07-08T17:00:00+00:00,30246,30300,30226,30240.2,16336.852,494090021.0231
linear,BTCUSDT,2023-07-08T16:00:00+00:00,30202.7,30310.2,30195,30246,34020.581,1028976895.9695
linear,BTCUSDT,2023-07-08T15:00:00+00:00,30192.5,30500,30160,30202.7,12048.803,363752089.1584
linear,BTCUSDT,2023-07-08T14:00:00+00:00,30194.9,30216.6,30175.4,30192.5,16218.707,489760835.2689
linear,BTCUSDT,2023-07-08T13:00:00+00:00,30154.8,30223.3,30154.3,30194.9,13268.802,400687077.8678
linear,BTCUSDT,2023-07-08T12:00:00+00:00,30185.5,30200,30135,30154.8,24146.523,728538974.3465
linear,BTCUSDT,2023-07-08T11:00:00+00:00,30209.3,30300,30150,30185.5,28617.251,863641501.1698
linear,BTCUSDT,2023-07-08T10:00:00+00:00,30237.4,30242,30207.2,30209.3,8609.992,260213820.8119
linear,BTCUSDT,2023-07-08T09:00:00+00:00,30261.6,30300,30216.6,30237.4,18111.893,547742464.8691
linear,BTCUSDT,2023-07-08T08:00:00+00:00,30178.6,30300,30174.8,30261.6,30505.77,922770194.6838
linear,BTCUSDT,2023-07-08T07:00:00+00:00,30162.3,30207.5,30158.6,30178.6,14233.462,429598136.3465
linear,BTCUSDT,2023-07-08T06:00:00+00:00,30226.1,30500,27425.6,30162.3,19517.846,584439138.1619
linear,BTCUSDT,2023-07-08T05:00:00+00:00,30227,30240,30175.5,30226.1,24656.632,744721649.2387
linear,BTCUSDT,2023-07-08T04:00:00+00:00,30261.6,30296.2,30216,30227,20442.178,618175867.3293
linear,BTCUSDT,2023-07-08T03:00:00+00:00,30348.8,30360,30257.5,30261.6,22806.858,690878639.3837
linear,BTCUSDT,2023-07-08T02:00:00+00:00,30288.1,30375,30265.5,30348.8,18620.456,564469342.0378
linear,BTCUSDT,2023-07-08T01:00:00+00:00,29799.3,30290.9,29799.3,30288.1,7403.955,224090661.6419
linear,BTCUSDT,2023-07-08T00:00:00+00:00,29183,29799.3,29183,29799.3,175.623,5195615.4574
linear,BTCUSDT,2023-07-07T23:00:00+00:00,30337,30450,28837,29183,14891.027,449916524.4333
linear,BTCUSDT,2023-07-07T22:00:00+00:00,30278.7,30345,30266.2,30337,18595.242,563380542.2518
linear,BTCUSDT,2023-07-07T21:00:00+00:00,30253.5,30334.1,30217.8,30278.7,25078.44,759729668.4401
linear,BTCUSDT,2023-07-07T20:00:00+00:00,30232.1,30292.1,30200.7,30253.5,23367.21,706468387.8346
linear,BTCUSDT,2023-07-07T19:00:00+00:00,30154.5,30232.1,30112,30232.1,39314.788,1186546986.8284
linear,BTCUSDT,2023-07-07T18:00:00+00:00,30233.6,30440,30118.4,30154.5,54695.561,1651041317.187
linear,BTCUSDT,2023-07-07T17:00:00+00:00,30344.2,30400,30196.1,30233.6,57677.661,1745800982.2547
linear,BTCUSDT,2023-07-07T16:00:00+00:00,30378.1,30440,30016.1,30344.2,71283.851,2163901214.1833
linear,BTCUSDT,2023-07-07T15:00:00+00:00,30389.5,30401.8,30296.2,30378.1,74180.698,2251190845.9764
linear,BTCUSDT,2023-07-07T14:00:00+00:00,30368.9,30438.6,30250.5,30389.5,107045.131,3246457325.8753
linear,BTCUSDT,2023-07-07T13:00:00+00:00,30188.3,30374.2,30110,30368.9,108124.309,3270006396.8794
linear,BTCUSDT,2023-07-07T12:00:00+00:00,30103.9,30319.4,30062.9,30188.3,108643.358,3279088706.9476
linear,BTCUSDT,2023-07-07T11:00:00+00:00,30148.6,30187.9,29957.6,30103.9,38140.213,1149403030.7516
linear,BTCUSDT,2023-07-07T10:00:00+00:00,30120,30167.8,30073,30148.6,26878.464,809402430.1206
linear,BTCUSDT,2023-07-07T09:00:00+00:00,30039.1,30172.4,30026,30120,33647.014,1013301848.0833
linear,BTCUSDT,2023-07-07T08:00:00+00:00,29997.9,30091.8,29957.8,30039.1,46470.417,1395569290.3049
linear,BTCUSDT,2023-07-07T07:00:00+00:00,30106.8,33686.7,27106.2,29997.9,46196.836,1388607994.2088
linear,BTCUSDT,2023-07-07T06:00:00+00:00,30250,30750,27106.2,30106.8,33729.078,1012697165.6797
linear,BTCUSDT,2023-07-07T05:00:00+00:00,29447,30467.1,29446.9,30250,43044.74,1300596327.2722
linear,BTCUSDT,2023-07-07T04:00:00+00:00,30127.6,32260,28837,29447,32594.825,983088672.9957
linear,BTCUSDT,2023-07-07T03:00:00+00:00,30083.9,35900,27106.2,30127.6,64363.132,1955690890.9213
linear,BTCUSDT,2023-07-07T02:00:00+00:00,30068.7,30125,30020,30083.9,41243.701,1240723434.3109
linear,BTCUSDT,2023-07-07T01:00:00+00:00,30766.6,30766.6,29950.5,30068.7,36623.662,1100973606.1493
linear,BTCUSDT,2023-07-07T00:00:00+00:00,30600,35900,28663.1,30766.6,52327.611,1626423814.3109
linear,BTCUSDT,2023-07-06T23:00:00+00:00,30149.7,31867.1,29866.6,30600,117558.837,3528405011.8764
linear,BTCUSDT,2023-07-06T22:00:00+00:00,30205.3,30255.1,30101.7,30149.7,45912.346,1385554641.9872
linear,BTCUSDT,2023-07-06T21:00:00+00:00,30304.9,30333.9,30165.9,30205.3,42516.818,1285606299.0113
linear,BTCUSDT,2023-07-06T20:00:00+00:00,30294.9,30333.8,30234.5,30304.9,32370.156,980010907.8526
linear,BTCUSDT,2023-07-06T19:00:00+00:00,30365.7,30369.1,30241.3,30294.9,61156.101,1852133219.9861
linear,BTCUSDT,2023-07-06T18:00:00+00:00,30279.6,30366,30196.4,30365.7,56781.628,1718692847.8453
linear,BTCUSDT,2023-07-06T17:00:00+00:00,30300.2,30333.6,30190,30279.6,64742.492,1959037029.943
linear,BTCUSDT,2023-07-06T16:00:00+00:00,30392,30450,30150.1,30300.2,101108.875,3064428702.7829
linear,BTCUSDT,2023-07-06T15:00:00+00:00,30196.1,30475,30062.9,30392,119820.077,3625586307.9459
linear,BTCUSDT,2023-07-06T14:00:00+00:00,30353.3,30660,29870.4,30196.1,166282.788,5009183331.86
linear,BTCUSDT,2023-07-06T13:00:00+00:00,30590.6,30660,30100,30353.3,86205.03,2630446195.9078
linear,BTCUSDT,2023-07-06T12:00:00+00:00,30830.1,31076,30400,30590.6,121475.316,3727254950.2196
linear,BTCUSDT,2023-07-06T11:00:00+00:00,31220.6,31800,30701.4,30830.1,64226.148,1994475727.7742
linear,BTCUSDT,2023-07-06T10:00:00+00:00,31059,31800,31059,31220.6,72476.093,2256931663.1896
linear,BTCUSDT,2023-07-06T09:00:00+00:00,31339,31737.6,31049.3,31059,148770.03,4657973635.6466
linear,BTCUSDT,2023-07-06T08:00:00+00:00,30793.1,31350.5,30771,31339,95041.814,2949029371.8618
linear,BTCUSDT,2023-07-06T07:00:00+00:00,30679.1,30845.1,30665,30793.1,63750.708,1961668186.6567
linear,BTCUSDT,2023-07-06T06:00:00+00:00,30573.5,30716,30543.8,30679.1,60002.226,1838069612.095
linear,BTCUSDT,2023-07-06T05:00:00+00:00,30442.8,30604,30423.7,30573.5,35639.483,1088299708.443
linear,BTCUSDT,2023-07-06T04:00:00+00:00,30482.1,30633,30175,30442.8,19861.992,605544915.4982
linear,BTCUSDT,2023-07-06T03:00:00+00:00,30462.4,30517.7,30280,30482.1,17973.935,547908012.4227
linear,BTCUSDT,2023-07-06T02:00:00+00:00,30461.5,30545.4,30453.7,30462.4,33359.194,1017101121.1364
linear,BTCUSDT,2023-07-06T01:00:00+00:00,30403.4,30470,30332.8,30461.5,36337.879,1104672019.4083
linear,BTCUSDT,2023-07-06T00:00:00+00:00,30492.8,30516.8,30377.3,30403.4,34377.108,1046460143.3225
linear,BTCUSDT,2023-07-05T23:00:00+00:00,30430.4,30523.9,30381.5,30492.8,34551.002,1052571635.0039
linear,BTCUSDT,2023-07-05T22:00:00+00:00,30457.3,30493.5,30333.3,30430.4,22092.965,672431092.2872
linear,BTCUSDT,2023-07-05T21:00:00+00:00,30450.1,30477.6,30408.9,30457.3,21367.33,650624238.0251
linear,BTCUSDT,2023-07-05T20:00:00+00:00,30419.8,30592.5,30387.8,30450.1,31138.273,947931471.1916
linear,BTCUSDT,2023-07-05T19:00:00+00:00,30492.8,30872.6,30410,30419.8,25943.764,790766445.2305
linear,BTCUSDT,2023-07-05T18:00:00+00:00,30510.8,30862,30423.5,30492.8,45543.949,1388865584.5025
linear,BTCUSDT,2023-07-05T17:00:00+00:00,30448,30569.3,30433.4,30510.8,55022.842,1678098489.5361
linear,BTCUSDT,2023-07-05T16:00:00+00:00,30345,30462,30175,30448,49166.812,1494666366.3754
linear,BTCUSDT,2023-07-05T15:00:00+00:00,30403.5,30411.3,30200,30345,72881.267,2209980229.6269
linear,BTCUSDT,2023-07-05T14:00:00+00:00,30351.7,30443.5,30317.3,30403.5,75143.025,2283527050.0952
linear,BTCUSDT,2023-07-05T13:00:00+00:00,30313.7,30374.3,30209.9,30351.7,114139.11,3456891740.1549
linear,BTCUSDT,2023-07-05T12:00:00+00:00,30394.8,30427.9,30294.3,30313.7,92678.926,2814697352.7569
linear,BTCUSDT,2023-07-05T11:00:00+00:00,30421,30477.6,30324.9,30394.8,82216.94,2501598248.9434
linear,BTCUSDT,2023-07-05T10:00:00+00:00,30671.6,30708.2,30406,30421,103369.663,3161323429.9239
linear,BTCUSDT,2023-07-05T09:00:00+00:00,30754.5,30800,30666.4,30671.6,30937.858,950257082.7913
linear,BTCUSDT,2023-07-05T08:00:00+00:00,30764.9,30795,30678.2,30754.5,33938.793,1043225118.2212
linear,BTCUSDT,2023-07-05T07:00:00+00:00,30805,30805.4,30750,30764.9,10759.205,331117995.0316
linear,BTCUSDT,2023-07-05T06:00:00+00:00,30801,30822.1,30750,30805,13344.31,410861258.3628
linear,BTCUSDT,2023-07-05T05:00:00+00:00,30825.5,30868.1,30788.4,30801,13979.359,430903103.5535
linear,BTCUSDT,2023-07-05T04:00:00+00:00,30857.4,31397.1,30807.4,30825.5,16052.039,494961673.8684
linear,BTCUSDT,2023-07-05T03:00:00+00:00,30830.1,30872,30817.8,30857.4,17348.882,535010642.3054
linear,BTCUSDT,2023-07-05T02:00:00+00:00,30785.2,30900,30736.7,30830.1,22075.838,680585830.2953
linear,BTCUSDT,2023-07-05T01:00:00+00:00,30752.9,30844.8,30744.4,30785.2,23229.015,715399186.458
linear,BTCUSDT,2023-07-05T00:00:00+00:00,30757.1,30832,30740,30752.9,29619.941,911831530.4514
linear,BTCUSDT,2023-07-04T23:00:00+00:00,30816,30839.7,30752.3,30757.1,23965.781,738029921.7368
linear,BTCUSDT,2023-07-04T22:00:00+00:00,30793.2,30816.5,30757.3,30816,16163.768,497578947.8374
linear,BTCUSDT,2023-07-04T21:00:00+00:00,30785.8,30810,30745.6,30793.2,22865.636,703760702.7787
linear,BTCUSDT,2023-07-04T20:00:00+00:00,30687.9,30919.3,30666.6,30785.8,49635.598,1525683900.4071
linear,BTCUSDT,2023-07-04T19:00:00+00:00,30898.3,30909.3,30619.2,30687.9,105441.455,3240995875.5869
linear,BTCUSDT,2023-07-04T18:00:00+00:00,30891.4,30930,30833.4,30898.3,40801.137,1259930511.8143
linear,BTCUSDT,2023-07-04T17:00:00+00:00,30945.1,31320,30864.6,30891.4,56312.032,1740731256.6514
linear,BTCUSDT,2023-07-04T16:00:00+00:00,30954.3,31380,30852.2,30945.1,74545.586,2309122445.8315
linear,BTCUSDT,2023-07-04T15:00:00+00:00,30964,31005.4,30870.9,30954.3,55605.537,1720441163.9329
linear,BTCUSDT,2023-07-04T14:00:00+00:00,30989,31042.8,30944.8,30964,35048.393,1086149051.7329
linear,BTCUSDT,2023-07-04T13:00:00+00:00,31031.3,31058.2,30961.1,30989,37707.726,1169403060.4444
linear,BTCUSDT,2023-07-04T12:00:00+00:00,31049.9,31070,31000,31031.3,33201.359,1030276311.2692
linear,BTCUSDT,2023-07-04T11:00:00+00:00,31016.2,31070.1,30755,31049.9,20963.335,650344696.547
linear,BTCUSDT,2023-07-04T10:00:00+00:00,31007.9,31042.3,30922,31016.2,37812.348,1172394676.5166
linear,BTCUSDT,2023-07-04T09:00:00+00:00,30920.5,31041.9,30856.8,31007.9,54661.066,1692632790.7998
linear,BTCUSDT,2023-07-04T08:00:00+00:00,30905.9,30967.7,30865,30920.5,34876.495,1078880925.9572
linear,BTCUSDT,2023-07-04T07:00:00+00:00,30990.4,31026.5,30895,30905.9,34655.136,1073142576.4626
linear,BTCUSDT,2023-07-04T06:00:00+00:00,30961.5,31043.3,30866.6,30990.4,47386.006,1467372440.2912
linear,BTCUSDT,2023-07-04T05:00:00+00:00,31046.6,31080.4,30961.4,30961.5,39495.118,1225562719.8384
linear,BTCUSDT,2023-07-04T04:00:00+00:00,31187.3,31220,30993.2,31046.6,64723.341,2011771723.2488
linear,BTCUSDT,2023-07-04T03:00:00+00:00,31250.5,31255,31171.5,31187.3,43226.376,1349164155.071
linear,BTCUSDT,2023-07-04T02:00:00+00:00,31278.1,31350,31186.4,31250.5,42688.982,1333989333.7385
linear,BTCUSDT,2023-07-04T01:00:00+00:00,31102.4,31296.8,31099.4,31278.1,58177.993,1815896938.8794
linear,BTCUSDT,2023-07-04T00:00:00+00:00,31146.5,31187.2,31086.8,31102.4,32793.978,1021023313.2569
linear,BTCUSDT,2023-07-03T23:00:00+00:00,31115.8,31155,31068.4,31146.5,21834.615,679387272.0921
linear,BTCUSDT,2023-07-03T22:00:00+00:00,31049.2,31155,31042.9,31115.8,28989.015,901508760.2551
linear,BTCUSDT,2023-07-03T21:00:00+00:00,31122.3,31128.9,30932.2,31049.2,47252.027,1467250704.3043
linear,BTCUSDT,2023-07-03T20:00:00+00:00,31247.9,31300,31105.5,31122.3,59821.857,1866349534.7196
linear,BTCUSDT,2023-07-03T19:00:00+00:00,31227.2,31388.6,31125.4,31247.9,101589.453,3175786359.9087
linear,BTCUSDT,2023-07-03T18:00:00+00:00,30998.1,31235.9,30333.3,31227.2,58906.743,1831808720.8799
linear,BTCUSDT,2023-07-03T17:00:00+00:00,31036.7,31049.7,30862,30998.1,67041.606,2076747298.4628
linear,BTCUSDT,2023-07-03T16:00:00+00:00,31059,31118.5,30896,31036.7,105987.515,3284415814.4525
linear,BTCUSDT,2023-07-03T15:00:00+00:00,30726.2,31131,30726.2,31059,141881.828,4394397751.8875
linear,BTCUSDT,2023-07-03T14:00:00+00:00,30638.9,30753.5,30638.9,30726.2,60725.908,1863869376.7977
linear,BTCUSDT,2023-07-03T13:00:00+00:00,30645.5,30688.4,30605.8,30638.9,44451.573,1361949531.632
linear,BTCUSDT,2023-07-03T12:00:00+00:00,30622,30650.2,30562.8,30645.5,49054.912,1501205961.0082
linear,BTCUSDT,2023-07-03T11:00:00+00:00,30639.8,30673.7,30614,30622,22999.986,704781462.0476
linear,BTCUSDT,2023-07-03T10:00:00+00:00,30607.4,30658.8,30533.3,30639.8,26174.573,801432125.2789
linear,BTCUSDT,2023-07-03T09:00:00+00:00,30638.1,30680,30600.2,30607.4,22989.233,704335145.9019
linear,BTCUSDT,2023-07-03T08:00:00+00:00,30662.7,30693.5,30601.1,30638.1,48113.742,1474308451.1533
linear,BTCUSDT,2023-07-03T07:00:00+00:00,30644.7,30757.7,30420,30662.7,54874.089,1683749206.5311
linear,BTCUSDT,2023-07-03T06:00:00+00:00,30668.9,30675.6,30608.5,30644.7,31683.719,970880475.0057
linear,BTCUSDT,2023-07-03T05:00:00+00:00,30676.5,30721.6,30652.4,30668.9,24152.389,740905999.0821
linear,BTCUSDT,2023-07-03T04:00:00+00:00,30748.3,30790.1,30666.6,30676.5,43818.334,1345951189.8683
linear,BTCUSDT,2023-07-03T03:00:00+00:00,30750.1,30793.9,30739.3,30748.3,33709.722,1037065183.1034
linear,BTCUSDT,2023-07-03T02:00:00+00:00,30658.1,30776.4,30658.1,30750.1,45165.423,1388083232.9345
linear,BTCUSDT,2023-07-03T01:00:00+00:00,30632.7,30742.6,30626.4,30658.1,37687.163,1156144385.7754
linear,BTCUSDT,2023-07-03T00:00:00+00:00,30613,30682.8,30580.5,30632.7,47941.335,1468073414.8925
linear,BTCUSDT,2023-07-02T23:00:00+00:00,30644.2,30655.1,30546,30613,52170.971,1596069642.6219
linear,BTCUSDT,2023-07-02T22:00:00+00:00,30550.9,30779.4,30462.5,30644.2,85439.763,2618651644.2465
linear,BTCUSDT,2023-07-02T21:00:00+00:00,30581.4,30609.9,30543.8,30550.9,27994.676,856003806.7051
linear,BTCUSDT,2023-07-02T20:00:00+00:00,30552.4,30623.6,30506.6,30581.4,23356.356,714055600.5558
linear,BTCUSDT,2023-07-02T19:00:00+00:00,30518,30559.8,30500,30552.4,16838.758,514218532.256
linear,BTCUSDT,2023-07-02T18:00:00+00:00,30354.8,30525.1,30354.8,30518,39970.23,1217269314.3244
linear,BTCUSDT,2023-07-02T17:00:00+00:00,30556.8,30600,29933.3,30354.8,28695.967,876022887.2079
linear,BTCUSDT,2023-07-02T16:00:00+00:00,30494.9,30651.1,30478.9,30556.8,63022.227,1926214158.328
linear,BTCUSDT,2023-07-02T15:00:00+00:00,30588.5,30622.9,30270.9,30494.9,82069.953,2501017551.0751
linear,BTCUSDT,2023-07-02T14:00:00+00:00,30512.3,30623.5,30480,30588.5,35832.588,1095095386.5751
linear,BTCUSDT,2023-07-02T13:00:00+00:00,30521,30536.9,30488.1,30512.3,11001.458,335629870.697
linear,BTCUSDT,2023-07-02T12:00:00+00:00,30537.2,30667.1,30501.3,30521,15147.703,462633748.8801
linear,BTCUSDT,2023-07-02T11:00:00+00:00,30505.8,30550,30504,30537.2,7236.462,220882040.3816
linear,BTCUSDT,2023-07-02T10:00:00+00:00,30513.1,30550,30503.7,30505.8,12200.264,372323388.4426
linear,BTCUSDT,2023-07-02T09:00:00+00:00,30481.9,30537.5,30478.6,30513.1,13522.677,412672558.1906
linear,BTCUSDT,2023-07-02T08:00:00+00:00,30509,30553.3,30478.6,30481.9,20886.741,637242295.0825
linear,BTCUSDT,2023-07-02T07:00:00+00:00,30474.4,30522.1,30473.9,30509,10304.137,314230913.209
linear,BTCUSDT,2023-07-02T06:00:00+00:00,30475.1,30517.7,30463.5,30474.4,14204.452,433053854.7026
linear,BTCUSDT,2023-07-02T05:00:00+00:00,30525.1,30552.1,30475,30475.1,17696.77,539974954.1446
linear,BTCUSDT,2023-07-02T04:00:00+00:00,30505.3,30536.9,30468.7,30525.1,30399.602,927382250.1788
linear,BTCUSDT,2023-07-02T03:00:00+00:00,30532.4,30565.5,30471.8,30505.3,42190.087,1287292664.3521
linear,BTCUSDT,2023-07-02T02:00:00+00:00,30600,30609,30492.8,30532.4,30018.287,917422049.9555
linear,BTCUSDT,2023-07-02T01:00:00+00:00,30568.7,30609,30540,30600,19979.079,610659504.2382
linear,BTCUSDT,2023-07-02T00:00:00+00:00,30578.5,30647.5,30536.9,30568.7,38819.507,1187047728.6108
linear,BTCUSDT,2023-07-01T23:00:00+00:00,30564.9,30600,30536.9,30578.5,12717.228,388749757.7619
linear,BTCUSDT,2023-07-01T22:00:00+00:00,30574.8,30652.4,30535,30564.9,14275.937,436462022.9471
linear,BTCUSDT,2023-07-01T21:00:00+00:00,30574.9,30601.9,30540,30574.8,9275.162,283597674.9586
linear,BTCUSDT,2023-07-01T20:00:00+00:00,30597.5,30667.1,30569,30574.9,8172.602,250012515.9794
linear,BTCUSDT,2023-07-01T19:00:00+00:00,30600,30628.2,30585.3,30597.5,19092.567,584281182.1005
linear,BTCUSDT,2023-07-01T18:00:00+00:00,30564.1,30605,30557.7,30600,10602.41,324223323.8971
linear,BTCUSDT,2023-07-01T17:00:00+00:00,30565,30585.1,30541.2,30564.1,19395.334,592853358.1193
linear,BTCUSDT,2023-07-01T16:00:00+00:00,30561.5,30596.9,30534,30565,27108.846,828259066.0334
linear,BTCUSDT,2023-07-01T15:00:00+00:00,30599.9,30650,30534.4,30561.5,40400.644,1235436566.599
linear,BTCUSDT,2023-07-01T14:00:00+00:00,30551.9,30610.2,30518.5,30599.9,32845.092,1003620229.687
linear,BTCUSDT,2023-07-01T13:00:00+00:00,30555.1,30626.3,30529.6,30551.9,47454.024,1450547081.442
linear,BTCUSDT,2023-07-01T12:00:00+00:00,30514.1,30622.9,30492,30555.1,54088.058,1653487995.788
linear,BTCUSDT,2023-07-01T11:00:00+00:00,30457.6,30590.7,30455.9,30514.1,31938.769,974466836.6
linear,BTCUSDT,2023-07-01T10:00:00+00:00,30432.6,30481.7,30416.8,30457.6,27102.328,825366603.4785
linear,BTCUSDT,2023-07-01T09:00:00+00:00,30462,30463.6,30420,30432.6,11813.312,359587696.2609
linear,BTCUSDT,2023-07-01T08:00:00+00:00,30446,30462,30405,30462,22904.024,697135739.9953
linear,BTCUSDT,2023-07-01T07:00:00+00:00,30440,30462,30395.8,30446,22052.643,670907605.9336
linear,BTCUSDT,2023-07-01T06:00:00+00:00,30416.4,30462,30387.5,30440,18704.489,569025336.9598
linear,BTCUSDT,2023-07-01T05:00:00+00:00,30379.9,30432.5,30379.9,30416.4,19955.929,606610884.5491
linear,BTCUSDT,2023-07-01T04:00:00+00:00,30390.2,30410.4,30320,30379.9,48399.342,1469550536.4306
linear,BTCUSDT,2023-07-01T03:00:00+00:00,30409.9,30451.2,30366.2,30390.2,29940.515,910077767.8221
linear,BTCUSDT,2023-07-01T02:00:00+00:00,30436.7,30521.7,30381.3,30409.9,44934.98,1368022550.3249
linear,BTCUSDT,2023-07-01T01:00:00+00:00,30463.6,30500,30379.3,30436.7,67022.142,2039409239.6568
linear,BTCUSDT,2023-07-01T00:00:00+00:00,30462.3,30530,30426.5,30463.6,72021.645,2195329867.5245
linear,BTCUSDT,2023-06-30T23:00:00+00:00,30740.8,30740.8,30450.1,30462.3,40567.93,1236791346.534
linear,BTCUSDT,2023-06-30T22:00:00+00:00,30472.5,31999.9,30458.3,30740.8,14320.864,437240498.4264
linear,BTCUSDT,2023-06-30T21:00:00+00:00,30388,30474,30344.5,30472.5,42573.972,1294812103.891
linear,BTCUSDT,2023-06-30T20:00:00+00:00,30365.7,30502.2,30358.5,30388,69711.3,2120632023.9922
linear,BTCUSDT,2023-06-30T19:00:00+00:00,30343,30450,30319.8,30365.7,79476.779,2415163982.43
linear,BTCUSDT,2023-06-30T18:00:00+00:00,30431.9,30522,30294.7,30343,126666.598,3849493867.7714
linear,BTCUSDT,2023-06-30T17:00:00+00:00,30378,31999.9,29795.8,30431.9,123566.432,3769893939.4565
linear,BTCUSDT,2023-06-30T16:00:00+00:00,30037.1,30493.8,29911.2,30378,154736.033,4672205367.7725
linear,BTCUSDT,2023-06-30T15:00:00+00:00,30075.8,30191,29596.8,30037.1,119097.828,3581592713.2348
linear,BTCUSDT,2023-06-30T14:00:00+00:00,30061.3,30333.3,29957.3,30075.8,153120.92,4612805573.8917
linear,BTCUSDT,2023-06-30T13:00:00+00:00,31002.2,31333.3,29537.3,30061.3,112711.936,3446164469.1934
linear,BTCUSDT,2023-06-30T12:00:00+00:00,30900,31105.7,30881.2,31002.2,130686.197,4052316090.5824
linear,BTCUSDT,2023-06-30T11:00:00+00:00,30800,30999.9,30750,30900,52996.467,1633675598.5042
linear,BTCUSDT,2023-06-30T10:00:00+00:00,30761,30864.1,30467.1,30800,60134.449,1851796962.9994
linear,BTCUSDT,2023-06-30T09:00:00+00:00,30834.7,30844.6,30739.2,30761,80209.525,2469644447.3879
linear,BTCUSDT,2023-06-30T08:00:00+00:00,30760.4,30895.5,30715.2,30834.7,67822.482,2089337827.6859
linear,BTCUSDT,2023-06-30T07:00:00+00:00,30661,30844.4,30650.2,30760.4,69600.127,2138722367.2436
linear,BTCUSDT,2023-06-30T06:00:00+00:00,30731.3,30755,30609,30661,74404.078,2282110687.8881
linear,BTCUSDT,2023-06-30T05:00:00+00:00,30891,30975.2,30500,30731.3,125277.734,3865260536.8379
linear,BTCUSDT,2023-06-30T04:00:00+00:00,30731.6,31557.2,30719.3,30891,87111.314,2704860956.3248
linear,BTCUSDT,2023-06-30T03:00:00+00:00,30648.4,31077.5,30393.1,30731.6,94101.734,2892041470.5607
linear,BTCUSDT,2023-06-30T02:00:00+00:00,30376.5,30714.8,30363.6,30648.4,99548.561,3043253003.0862
linear,BTCUSDT,2023-06-30T01:00:00+00:00,30431.7,30431.7,30349,30376.5,63711.449,1935872719.7389
linear,BTCUSDT,2023-06-30T00:00:00+00:00,30439.7,30500,30385.8,30431.7,69802.939,2125419029.3094
linear,BTCUSDT,2023-06-29T23:00:00+00:00,30395.6,30518.5,30380,30439.7,42560.176,1295883535.1508
linear,BTCUSDT,2023-06-29T22:00:00+00:00,30412.5,30453.4,30383.8,30395.6,29844.74,908239269.416
linear,BTCUSDT,2023-06-29T21:00:00+00:00,30390.7,30444.4,30350,30412.5,37100.361,1128153183.961
linear,BTCUSDT,2023-06-29T20:00:00+00:00,30578,30628.7,30289.5,30390.7,84518.324,2570470472.8408
linear,BTCUSDT,2023-06-29T19:00:00+00:00,30555,30599.7,30486.3,30578,48913.002,1493340221.6343
linear,BTCUSDT,2023-06-29T18:00:00+00:00,30535.3,30634.1,30333.3,30555,45277.951,1383156308.4261
linear,BTCUSDT,2023-06-29T17:00:00+00:00,30493.5,30647.5,30358.7,30535.3,91779.131,2802896626.8283
linear,BTCUSDT,2023-06-29T16:00:00+00:00,30468.2,30582.2,30465.2,30493.5,62360.912,1902482821.854
linear,BTCUSDT,2023-06-29T15:00:00+00:00,30435,30533.3,30403.3,30468.2,80586.456,2456780002.88
linear,BTCUSDT,2023-06-29T14:00:00+00:00,30546.5,30640.3,30391.4,30435,123190.226,3762535146.6681
linear,BTCUSDT,2023-06-29T13:00:00+00:00,30613.4,30828,30488.4,30546.5,117359.063,3602581525.8625
linear,BTCUSDT,2023-06-29T12:00:00+00:00,30654.4,30703.7,30592.5,30613.4,83210.742,2550029996.9229
linear,BTCUSDT,2023-06-29T11:00:00+00:00,30687.5,30711.7,30565.3,30654.4,96197.6,2946929308.8087
linear,BTCUSDT,2023-06-29T10:00:00+00:00,30419.9,30739,30386,30687.5,126599.941,3875418074.8077
linear,BTCUSDT,2023-06-29T09:00:00+00:00,30378,30462,30345,30419.9,55851.628,1698875540.8974
linear,BTCUSDT,2023-06-29T08:00:00+00:00,30331.9,30439.7,30321.4,30378,56994.541,1731328793.3985
linear,BTCUSDT,2023-06-29T07:00:00+00:00,30223,30413.7,30204.1,30331.9,58503.562,1774113259.2639
linear,BTCUSDT,2023-06-29T06:00:00+00:00,30171.5,30229,30165.3,30223,23257.634,702397524.4091
linear,BTCUSDT,2023-06-29T05:00:00+00:00,30205.6,30248.7,30165.2,30171.5,32615.669,985216122.9348
linear,BTCUSDT,2023-06-29T04:00:00+00:00,30163.3,30215,30125.9,30205.6,29325.556,884949543.2149
linear,BTCUSDT,2023-06-29T03:00:00+00:00,30108.9,30184,30084.9,30163.3,30553.461,920769189.5648
linear,BTCUSDT,2023-06-29T02:00:00+00:00,30159.7,30200,30087.4,30108.9,44227.99,1333044889.6974
linear,BTCUSDT,2023-06-29T01:00:00+00:00,30072.5,30230.4,30054.5,30159.7,65574.67,1977867409.2504
linear,BTCUSDT,2023-06-29T00:00:00+00:00,30068.6,30166.2,30037.7,30072.5,56054.788,1687099151.1773
linear,BTCUSDT,2023-06-28T23:00:00+00:00,30091.5,30172.4,30045.8,30068.6,39055.536,1175806209.4322
linear,BTCUSDT,2023-06-28T22:00:00+00:00,30257.9,30257.9,30074.6,30091.5,29585.233,891392478.2077
linear,BTCUSDT,2023-06-28T21:00:00+00:00,30093.8,30358.7,30016.8,30257.9,45735.748,1376948013.8563
linear,BTCUSDT,2023-06-28T20:00:00+00:00,30084.1,30125.8,29933.3,30093.8,74955.653,2251285155.1541
linear,BTCUSDT,2023-06-28T19:00:00+00:00,30184.2,30245.6,29888.8,30084.1,98532.871,2960714579.1281
linear,BTCUSDT,2023-06-28T18:00:00+00:00,30138.9,30244.9,30130,30184.2,59459.283,1795256654.1773
linear,BTCUSDT,2023-06-28T17:00:00+00:00,30246.1,30274.5,30027.5,30138.9,101045.093,3045142128.4583
linear,BTCUSDT,2023-06-28T16:00:00+00:00,30396.1,30454.5,30244.3,30246.1,76905.958,2334942096.5832
linear,BTCUSDT,2023-06-28T15:00:00+00:00,30299.8,30440,30276.2,30396.1,89941.14,2731185822.0465
linear,BTCUSDT,2023-06-28T14:00:00+00:00,30194.5,30468.7,30135.9,30299.8,124351.209,3768191036.2196
linear,BTCUSDT,2023-06-28T13:00:00+00:00,30092,30199,30016.8,30194.5,130174.566,3921736886.3788
linear,BTCUSDT,2023-06-28T12:00:00+00:00,30304.1,30360,30033,30092,96039.026,2901115984.6192
linear,BTCUSDT,2023-06-28T11:00:00+00:00,30331.9,30380,30295.6,30304.1,35327.796,1071620263.3259
linear,BTCUSDT,2023-06-28T10:00:00+00:00,30292.7,30331.9,30266,30331.9,32785.585,993567639.6723
linear,BTCUSDT,2023-06-28T09:00:00+00:00,30265.1,30320,30222.8,30292.7,44441.948,1345613307.6103
linear,BTCUSDT,2023-06-28T08:00:00+00:00,30175.8,30269,29500,30265.1,59520.31,1797414152.2869
linear,BTCUSDT,2023-06-28T07:00:00+00:00,30362.4,30382.4,30062.2,30175.8,100437.345,3039673708.5703
linear,BTCUSDT,2023-06-28T06:00:00+00:00,30440.5,30444.4,30350,30362.4,53318.67,1620735069.0588
linear,BTCUSDT,2023-06-28T05:00:00+00:00,30472.4,30472.4,30373.5,30440.5,34502.156,1049395647.4014
linear,BTCUSDT,2023-06-28T04:00:00+00:00,30442.3,30477.2,30382.3,30472.4,37098.425,1129032132.5494
linear,BTCUSDT,2023-06-28T03:00:00+00:00,30405.9,33300,30381,30442.3,35522.107,1083891883.2854
linear,BTCUSDT,2023-06-28T02:00:00+00:00,30489.4,30540,30360.8,30405.9,60955.542,1857662488.3414
linear,BTCUSDT,2023-06-28T01:00:00+00:00,30601,30654.5,30477.1,30489.4,58747.545,1794855104.2341
linear,BTCUSDT,2023-06-28T00:00:00+00:00,30685.4,30693.3,30450,30601,89549.226,2734959841.8905
linear,BTCUSDT,2023-06-27T23:00:00+00:00,30576.3,30720,30558,30685.4,28879.499,884747452.5987
linear,BTCUSDT,2023-06-27T22:00:00+00:00,30715.3,30730,30560,30576.3,35442.92,1086216037.063
linear,BTCUSDT,2023-06-27T21:00:00+00:00,30638.9,30721.3,30566,30715.3,29056.362,890582099.8758
linear,BTCUSDT,2023-06-27T20:00:00+00:00,30634.1,30706.1,30541.8,30638.9,44758.817,1370498782.3897
linear,BTCUSDT,2023-06-27T19:00:00+00:00,30676.1,32298.6,30405.5,30634.1,33994.242,1043336419.3366
linear,BTCUSDT,2023-06-27T18:00:00+00:00,30606.9,37000,30087.7,30676.1,66230.211,2067913761.316
linear,BTCUSDT,2023-06-27T17:00:00+00:00,30700,35500,30005.8,30606.9,82015.98,2532989453.7826
linear,BTCUSDT,2023-06-27T16:00:00+00:00,30487.6,30884,29123,30700,91072.964,2781810756.7881
linear,BTCUSDT,2023-06-27T15:00:00+00:00,30795.5,30809.7,30417.5,30487.6,126532.722,3871472069.2825
linear,BTCUSDT,2023-06-27T14:00:00+00:00,30597.3,30989.8,30572.5,30795.5,155183.673,4778096661.1854
linear,BTCUSDT,2023-06-27T13:00:00+00:00,30703.2,30710,30526.3,30597.3,102248.3,3128815618.1225
linear,BTCUSDT,2023-06-27T12:00:00+00:00,30722.9,31200,29000,30703.2,63227.433,1928519460.761
linear,BTCUSDT,2023-06-27T11:00:00+00:00,30652.1,30755,30530,30722.9,90287.633,2765909228.0494
linear,BTCUSDT,2023-06-27T10:00:00+00:00,30367.7,30701.3,30367.5,30652.1,131831.39,4033113745.0069
linear,BTCUSDT,2023-06-27T09:00:00+00:00,30389,30400,30322.5,30367.7,39230.139,1191135940.4772
linear,BTCUSDT,2023-06-27T08:00:00+00:00,30404.1,30443.5,30325,30389,31704.23,963240521.8193
linear,BTCUSDT,2023-06-27T07:00:00+00:00,30320,30500,30166.2,30404.1,10342.534,314020910.0567
linear,BTCUSDT,2023-06-27T06:00:00+00:00,30313.6,30320,30187.4,30320,14723.992,445603009.6898
linear,BTCUSDT,2023-06-27T05:00:00+00:00,30366.6,30400.1,30237.7,30313.6,16814.292,509501564.2204
linear,BTCUSDT,2023-06-27T04:00:00+00:00,30358.7,30444.4,30305,30366.6,11114.451,337368163.9271
linear,BTCUSDT,2023-06-27T03:00:00+00:00,30477.5,30484.2,30304.9,30358.7,19625.807,596663927.256
linear,BTCUSDT,2023-06-27T02:00:00+00:00,30382.3,30521.3,30300,30477.5,18945.541,575992030.6483
linear,BTCUSDT,2023-06-27T01:00:00+00:00,30370.3,30382.3,30217.5,30382.3,21436.038,649898910.2467
linear,BTCUSDT,2023-06-27T00:00:00+00:00,30171.4,30380,30150,30370.3,19545.287,592053342.3916
linear,BTCUSDT,2023-06-26T23:00:00+00:00,30177.4,30720.9,29777.7,30171.4,4188.262,126504957.9968
linear,BTCUSDT,2023-06-26T22:00:00+00:00,30153.3,30380,29500,30177.4,6381.279,192381058.8871
linear,BTCUSDT,2023-06-26T21:00:00+00:00,30153.5,30217.5,30037,30153.3,12173.895,367174665.1277
linear,BTCUSDT,2023-06-26T20:00:00+00:00,30226,30358.7,30124,30153.5,18852.374,569449961.9289
linear,BTCUSDT,2023-06-26T19:00:00+00:00,30214.8,30362.9,30024.1,30226,26447.543,798016115.4131
linear,BTCUSDT,2023-06-26T18:00:00+00:00,30071.1,30230,30030,30214.8,30433.864,916742734.1671
linear,BTCUSDT,2023-06-26T17:00:00+00:00,30086.6,30165.5,29845.3,30071.1,41283.444,1241606358.0805
linear,BTCUSDT,2023-06-26T16:00:00+00:00,30416.4,30684.1,29580,30086.6,33607.552,1015980526.7901
linear,BTCUSDT,2023-06-26T15:00:00+00:00,30498.6,30522.1,30304.9,30416.4,25958.111,788936458.6617
linear,BTCUSDT,2023-06-26T14:00:00+00:00,30647.5,30701.3,30217.6,30498.6,40351.968,1228421648.898
linear,BTCUSDT,2023-06-26T13:00:00+00:00,30348.3,30653.4,30100,30647.5,19599.976,596640718.9416
linear,BTCUSDT,2023-06-26T12:00:00+00:00,29783.6,35500,29131.9,30348.3,19873.786,614800105.8439
linear,BTCUSDT,2023-06-26T11:00:00+00:00,30186.7,30333.3,29344.8,29783.6,9795.947,296642789.9714
linear,BTCUSDT,2023-06-26T10:00:00+00:00,30257.4,30284.2,29673.5,30186.7,14473.725,437510089.576
linear,BTCUSDT,2023-06-26T09:00:00+00:00,30304.1,30604.9,29860,30257.4,7648.337,231580861.6645
linear,BTCUSDT,2023-06-26T08:00:00+00:00,30276,30417.5,30180,30304.1,14039.421,426270685.4883
linear,BTCUSDT,2023-06-26T07:00:00+00:00,30410,30588.2,30180,30276,28178.47,857182054.6882
linear,BTCUSDT,2023-06-26T06:00:00+00:00,30208.1,30432.5,30020,30410,17019.856,515249031.7599
linear,BTCUSDT,2023-06-26T05:00:00+00:00,30160,30257.3,29817.7,30208.1,13168.994,397735081.4514
linear,BTCUSDT,2023-06-26T04:00:00+00:00,30294.7,30333.3,29132.9,30160,8680.15,262406804.2499
linear,BTCUSDT,2023-06-26T03:00:00+00:00,30212.4,30333.3,30070,30294.7,14185.488,428951883.3861
linear,BTCUSDT,2023-06-26T02:00:00+00:00,29650,30230,29147.7,30212.4,6649.499,200369342.0672
linear,BTCUSDT,2023-06-26T01:00:00+00:00,30384.3,30956.5,29132.9,29650,40108.6,1209945968.8653
linear,BTCUSDT,2023-06-26T00:00:00+00:00,30456.1,30550.8,30358.7,30384.3,27364.17,833731812.7781
linear,BTCUSDT,2023-06-25T23:00:00+00:00,30492.2,30600,30417.5,30456.1,11930.829,363323665.0912
linear,BTCUSDT,2023-06-25T22:00:00+00:00,30475,30558.9,30030,30492.2,10852.232,330777323.1148
linear,BTCUSDT,2023-06-25T21:00:00+00:00,30380,30600,30304.9,30475,8268.562,251452549.433
linear,BTCUSDT,2023-06-25T20:00:00+00:00,30423.1,30521.7,30301,30380,19246.379,585748259.9845
linear,BTCUSDT,2023-06-25T19:00:00+00:00,30478.2,30478.2,30330,30423.1,23129.25,702820616.4554
linear,BTCUSDT,2023-06-25T18:00:00+00:00,30522,30600,30215,30478.2,29759.918,904708622.7431
linear,BTCUSDT,2023-06-25T17:00:00+00:00,30593,30695.6,30478.2,30522,12934.844,395211111.4129
linear,BTCUSDT,2023-06-25T16:00:00+00:00,30576.1,30647.5,30469.8,30593,26137.085,798566431.3696
linear,BTCUSDT,2023-06-25T15:00:00+00:00,30545.4,30755,30304.9,30576.1,23430.478,715843420.9812
linear,BTCUSDT,2023-06-25T14:00:00+00:00,30627.2,30740,30521.9,30545.4,24809.764,760237060.5521
linear,BTCUSDT,2023-06-25T13:00:00+00:00,30593,30695.9,30187.4,30627.2,26475.597,809919036.9727
linear,BTCUSDT,2023-06-25T12:00:00+00:00,30676.5,30800,30000,30593,3076.86,94229450.5749
linear,BTCUSDT,2023-06-25T11:00:00+00:00,30609.4,30950,30500,30676.5,8202.983,251188220.3533
linear,BTCUSDT,2023-06-25T10:00:00+00:00,30666.6,30950,30405.5,30609.4,17684.648,541687572.9494
linear,BTCUSDT,2023-06-25T09:00:00+00:00,30604.9,30715.7,30540,30666.6,21620.175,662603774.8902
linear,BTCUSDT,2023-06-25T08:00:00+00:00,30691.7,30947.3,30548,30604.9,9864.71,302947775.6987
linear,BTCUSDT,2023-06-25T07:00:00+00:00,30872.6,32298.6,29000,30691.7,16038.837,492066913.7203
linear,BTCUSDT,2023-06-25T06:00:00+00:00,30432.8,30973.7,30080,30872.6,18547.618,571686474.6982
linear,BTCUSDT,2023-06-25T05:00:00+00:00,30880.1,30933,29750.1,30432.8,15028.525,463460953.9609
linear,BTCUSDT,2023-06-25T04:00:00+00:00,30765.4,31470,30333.3,30880.1,21199.442,654793152.3884
linear,BTCUSDT,2023-06-25T03:00:00+00:00,30652.4,30788,30413.3,30765.4,15565.811,477809172.9518
linear,BTCUSDT,2023-06-25T02:00:00+00:00,30592.9,30677.1,30560,30652.4,17513.45,536344074.705
linear,BTCUSDT,2023-06-25T01:00:00+00:00,30368.4,30637.5,30366.6,30592.9,16448.725,502811258.1077
linear,BTCUSDT,2023-06-25T00:00:00+00:00,30338,30694,29999.9,30368.4,9544.558,291188990.3652
linear,BTCUSDT,2023-06-24T23:00:00+00:00,30518.9,30589.8,30000,30338,13599.629,415165578.4776
linear,BTCUSDT,2023-06-24T22:00:00+00:00,30348.3,30693.8,30321.9,30518.9,9904.623,302097645.6409
linear,BTCUSDT,2023-06-24T21:00:00+00:00,30540,30565.5,30180.7,30348.3,19437.351,592665441.8054
linear,BTCUSDT,2023-06-24T20:00:00+00:00,30621.3,30652.4,30488.7,30540,9444.03,288700349.5724
linear,BTCUSDT,2023-06-24T19:00:00+00:00,30095.3,30647.5,30082.1,30621.3,3771.076,115432835.4973
linear,BTCUSDT,2023-06-24T18:00:00+00:00,30579.7,30685.5,30021,30095.3,19815.08,606967949.4956
linear,BTCUSDT,2023-06-24T17:00:00+00:00,30500,30636.3,30448.7,30579.7,25770.186,787749890.9577
linear,BTCUSDT,2023-06-24T16:00:00+00:00,30284.9,30500,30050,30500,22071.216,671660121.3199
linear,BTCUSDT,2023-06-24T15:00:00+00:00,30683.2,30985,30150.1,30284.9,43208.175,1316432673.823
linear,BTCUSDT,2023-06-24T14:00:00+00:00,30645.2,30711.1,30567.8,30683.2,19631.458,601573142.2087
linear,BTCUSDT,2023-06-24T13:00:00+00:00,30687.1,30750,30567.8,30645.2,25371.256,777231618.2614
linear,BTCUSDT,2023-06-24T12:00:00+00:00,30678.5,30796.4,30622.2,30687.1,22057.882,677653216.3762
linear,BTCUSDT,2023-06-24T11:00:00+00:00,30720,30735,30572,30678.5,11922.919,365767966.7786
linear,BTCUSDT,2023-06-24T10:00:00+00:00,32298.6,32298.6,30575.7,30720,4841.92,149181083.8877
linear,BTCUSDT,2023-06-24T09:00:00+00:00,30619.3,32298.6,30424,32298.6,8832.799,271592233.3168
linear,BTCUSDT,2023-06-24T08:00:00+00:00,30569,30645,30530,30619.3,16429.995,502547758.0444
linear,BTCUSDT,2023-06-24T07:00:00+00:00,30688.4,30724,30533.3,30569,19016.854,582393764.356
linear,BTCUSDT,2023-06-24T06:00:00+00:00,30715.2,30739.3,30605,30688.4,15591.763,478244587.227
linear,BTCUSDT,2023-06-24T05:00:00+00:00,30692,30749.9,30654.5,30715.2,10508.302,322697110.7146
linear,BTCUSDT,2023-06-24T04:00:00+00:00,30725.1,30781.7,30582.2,30692,14262.059,437957082.8574
linear,BTCUSDT,2023-06-24T03:00:00+00:00,30743.7,30800,30619.3,30725.1,17532.93,538706394.5066
linear,BTCUSDT,2023-06-24T02:00:00+00:00,30600.9,30766.6,30320,30743.7,18486.956,566800810.7559
linear,BTCUSDT,2023-06-24T01:00:00+00:00,30514.8,30600.9,30358.7,30600.9,25776.306,786275233.5055
linear,BTCUSDT,2023-06-24T00:00:00+00:00,30670.3,30708.8,30446.1,30514.8,33457.995,1022471675.595
linear,BTCUSDT,2023-06-23T23:00:00+00:00,30630.6,30815,30527.5,30670.3,24232.598,741518567.7469
linear,BTCUSDT,2023-06-23T22:00:00+00:00,30367.3,31125,30249.9,30630.6,26865.489,820853979.9751
linear,BTCUSDT,2023-06-23T21:00:00+00:00,30895.7,31077.5,29955,30367.3,8689.382,268094385.0957
