date,addresses_count_active,addresses_count_sender,addresses_count_receiver
2024-01-19,354641,241475,225488
2024-01-18,336265,226326,219702
2024-01-17,325431,225737,208677
2024-01-16,324110,220304,216424
2024-01-15,334323,231248,210532
2024-01-14,262915,177662,173309
2024-01-13,324233,233808,198020
2024-01-12,404268,303337,219946
2024-01-11,424295,316876,233451
2024-01-10,455087,352776,233283
2024-01-09,334166,240248,205510
2024-01-08,333537,232403,209777
2024-01-07,397888,311522,230608
2024-01-06,315861,215982,200012
2024-01-05,322539,219930,208961
2024-01-04,326035,222662,210345
2024-01-03,322099,219091,209832
2024-01-02,350242,250710,208703
2024-01-01,382711,304064,174632
2023-12-31,321899,243808,192783
2023-12-30,341629,251200,198873
2023-12-29,326824,228824,210375
2023-12-28,387733,280345,226244
2023-12-27,351049,249111,214273
2023-12-26,340915,236150,208676
2023-12-25,327924,235893,191783
2023-12-24,336886,239230,202591
2023-12-23,345454,244028,211373
2023-12-22,397982,296188,222170
2023-12-21,402186,298885,232328
2023-12-20,404437,304166,259499
2023-12-19,362343,261832,240204
2023-12-18,326204,214262,221113
2023-12-17,310631,220514,195726
2023-12-16,301383,204739,201279
2023-12-15,332994,226124,222725
2023-12-14,335751,224265,221988
2023-12-13,306556,200963,202519
2023-12-12,322559,215285,210837
2023-12-11,314833,205358,205179
2023-12-10,325628,229661,199758
2023-12-09,349161,244938,215355
2023-12-08,370792,258366,222435
2023-12-07,346596,238167,214199
2023-12-06,334374,225038,213308
2023-12-05,333459,229900,210555
2023-12-04,349256,244715,205162
2023-12-03,307004,221515,180609
2023-12-02,302595,220405,178112
2023-12-01,321689,231667,196479
2023-11-30,306018,211109,197033
2023-11-29,300056,207251,191273
2023-11-28,296130,201075,191595
2023-11-27,286180,193425,184455
2023-11-26,281485,195204,176972
2023-11-25,286128,203179,178398
2023-11-24,314465,222076,193527
2023-11-23,322762,228283,201824
2023-11-22,330205,231342,205835
2023-11-21,316886,213242,205956
2023-11-20,312493,217032,196099
2023-11-19,280456,203715,169170
2023-11-18,275656,195427,170962
2023-11-17,292210,206319,180141
2023-11-16,303727,209371,193633
2023-11-15,294878,203760,185796
2023-11-14,278945,192388,177487
2023-11-13,280243,196656,177191
2023-11-12,286980,202981,174409
2023-11-11,303769,212818,185198
2023-11-10,343013,247580,200242
2023-11-09,334741,235166,200543
2023-11-08,296522,205394,185989
2023-11-07,292437,201004,185546
2023-11-06,279412,191126,179065
2023-11-05,270872,196466,164038
2023-11-04,272092,197108,168279
2023-11-03,288868,202861,182234
2023-11-02,288852,200512,183090
2023-11-01,298761,213788,184216
2023-10-31,300270,209788,192864
2023-10-30,300528,218482,177430
2023-10-29,283518,215930,156477
2023-10-28,276999,205946,164246
2023-10-27,287547,210001,175852
2023-10-26,309795,222442,194945
2023-10-25,301517,208775,193042
2023-10-24,317413,220506,198852
2023-10-23,295778,209330,180864
2023-10-22,280603,211707,157882
2023-10-21,276614,209188,160835
2023-10-20,325019,249293,172590
2023-10-19,266094,196264,162544
2023-10-18,278563,207386,165165
2023-10-17,279548,206867,164809
2023-10-16,278406,199534,168441
2023-10-15,263446,202240,143984
2023-10-14,255373,186641,154371
2023-10-13,287730,215174,165023
2023-10-12,289113,213195,167183
2023-10-11,296759,221010,164097
2023-10-10,275725,200490,163131
2023-10-09,278474,194519,174803
2023-10-08,260961,188111,159465
2023-10-07,306351,229646,180619
2023-10-06,287307,209212,170717
2023-10-05,272054,193922,169767
2023-10-04,285455,213092,168324
2023-10-03,276421,203711,167912
2023-10-02,269986,193042,170028
2023-10-01,263780,201316,152647
2023-09-30,281960,218753,168895
2023-09-29,306971,230831,179617
2023-09-28,311898,234491,180661
2023-09-27,310169,222375,189047
2023-09-26,295383,211510,184397
2023-09-25,290585,211887,175424
2023-09-24,267779,204392,157046
2023-09-23,275486,211628,155994
2023-09-22,294054,218589,174191
2023-09-21,440114,361216,175358
2023-09-20,296607,214295,181773
2023-09-19,293440,210228,180690
2023-09-18,287003,211809,169101
2023-09-17,269557,207513,155010
2023-09-16,278774,213898,160105
2023-09-15,291073,218914,171002
2023-09-14,353308,274484,184240
2023-09-13,1009297,935870,159717
2023-09-12,415435,338809,170712
2023-09-11,340231,259243,172727
2023-09-10,256741,191291,158325
2023-09-09,271641,195273,170948
2023-09-08,298559,221592,180928
2023-09-07,294167,217196,175561
2023-09-06,295470,214006,178598
2023-09-05,284220,201755,175454
2023-09-04,264353,186625,168283
2023-09-03,392309,320210,162523
2023-09-02,370779,292732,169391
2023-09-01,309285,230872,178918
2023-08-31,294526,214257,183605
2023-08-30,303856,213911,189797
2023-08-29,286221,203087,178801
2023-08-28,257703,181123,164802
2023-08-27,280358,216591,153974
2023-08-26,311969,232507,176780
2023-08-25,274491,190567,177713
2023-08-24,276947,198711,171443
2023-08-23,283393,203202,176165
2023-08-22,282993,195404,184086
2023-08-21,282657,199712,174767
2023-08-20,276712,211819,155232
2023-08-19,320469,247741,166916
2023-08-18,322167,234306,180418
2023-08-17,295477,201930,188949
2023-08-16,295662,213114,176016
2023-08-15,310970,226768,178577
2023-08-14,295788,214842,171901
2023-08-13,269443,203642,155487
2023-08-12,277327,209596,162676
2023-08-11,295175,215778,179965
2023-08-10,293851,207341,182780
2023-08-09,339931,251691,185143
2023-08-08,293687,206046,179961
2023-08-07,282689,200155,175539
2023-08-06,270733,200497,161862
2023-08-05,284041,212792,165062
2023-08-04,326349,248347,174144
2023-08-03,310478,232834,173910
2023-08-02,297008,218354,173428
2023-08-01,283863,201032,176667
2023-07-31,332844,246310,193317
2023-07-30,304170,235014,178160
2023-07-29,284662,210923,170259
2023-07-28,282402,200895,175298
2023-07-27,274167,195096,169200
2023-07-26,280296,199923,169210
2023-07-25,267694,187642,166586
2023-07-24,291789,207830,171434
2023-07-23,280452,214165,156940
2023-07-22,284458,208639,165912
2023-07-21,328360,226757,193785
2023-07-20,292874,203111,184737
2023-07-19,328504,227847,198780
2023-07-18,349351,235144,218559
2023-07-17,272201,187553,171749
2023-07-16,271530,193797,159830
2023-07-15,299767,217212,169485
2023-07-14,353650,249793,198257
2023-07-13,326551,228709,193662
2023-07-12,296696,206917,182819
2023-07-11,340049,246272,186754
2023-07-10,338143,249629,181682
2023-07-09,273766,198140,161638
2023-07-08,281292,201012,175190
2023-07-07,262460,178295,169813
2023-07-06,238720,162838,154085
2023-07-05,230683,149020,150337
2023-07-04,280665,189396,175294
2023-07-03,311559,221716,182172
2023-07-02,279809,195547,168446
2023-07-01,309555,220115,184932
2023-06-30,343090,256153,196645
2023-06-29,309548,204468,200229
2023-06-28,340094,242154,191457
2023-06-27,318834,227904,192124
2023-06-26,303658,212926,183955
2023-06-25,278039,197824,166273
2023-06-24,286885,202752,172349
2023-06-23,285723,201193,176436
2023-06-22,308823,229961,176281
2023-06-21,342693,257390,185005
2023-06-20,291112,214845,168238
2023-06-19,336706,253365,170832
2023-06-18,342883,278220,144158
2023-06-17,338901,265436,156650
2023-06-16,385206,288400,191898
2023-06-15,370301,275236,187706
2023-06-14,337423,256889,171029
2023-06-13,300261,220676,174542
2023-06-12,305960,225882,169719
2023-06-11,354262,192140,240030
2023-06-10,387829,202338,269461
2023-06-09,349550,214107,226223
2023-06-08,287870,205844,171881
2023-06-07,355444,264453,194977
2023-06-06,334022,234154,196047
2023-06-05,363645,268865,192348
2023-06-04,292114,222734,166640
2023-06-03,306103,233730,172329
2023-06-02,321946,238754,182552
2023-06-01,288521,208896,173195
2023-05-31,329561,244289,189894
2023-05-30,333782,235479,208505
2023-05-29,313723,234875,173848
2023-05-28,278010,214839,153979
2023-05-27,306989,240713,165087
2023-05-26,311478,234024,178330
2023-05-25,308248,223076,187306
2023-05-24,302880,221681,179764
2023-05-23,312160,224973,186612
2023-05-22,297115,215020,179162
2023-05-21,298578,222670,174717
2023-05-20,308041,219508,185000
2023-05-19,305105,216835,190158
2023-05-18,294910,211697,181998
2023-05-17,308124,219384,191378
2023-05-16,307997,216657,193284
2023-05-15,310842,218043,193222
2023-05-14,299633,223550,176761
2023-05-13,313532,234578,179083
2023-05-12,314761,221396,194175
2023-05-11,297709,205930,192570
2023-05-10,301331,208556,192329
2023-05-09,323147,225676,206458
2023-05-08,321124,218080,209976
2023-05-07,292766,201930,190951
2023-05-06,308533,208043,208556
2023-05-05,347998,232670,235112
2023-05-04,303651,208842,196221
2023-05-03,292035,204054,186134
2023-05-02,287626,194579,192599
2023-05-01,292444,201401,191173
2023-04-30,275708,203637,165619
2023-04-29,272670,197485,159653
2023-04-28,297895,211497,180781
2023-04-27,287222,202866,175029
2023-04-26,294488,203085,180725
2023-04-25,289580,204820,173032
2023-04-24,263381,180992,165872
2023-04-23,240410,169294,150213
2023-04-22,248354,174055,155116
2023-04-21,292457,201131,180718
2023-04-20,294314,198622,192078
2023-04-19,293745,194171,197484
2023-04-18,297894,202536,191940
2023-04-17,288418,193271,186733
2023-04-16,285900,207685,165991
2023-04-15,378068,286094,191319
2023-04-14,387606,281823,214537
2023-04-13,350509,246173,204213
2023-04-12,325938,237518,190795
2023-04-11,348143,250850,202866
2023-04-10,311218,227674,179853
2023-04-09,273161,199129,161831
2023-04-08,292016,212499,173039
2023-04-07,341726,247129,197697
2023-04-06,318459,222728,193490
2023-04-05,347629,249788,209043
2023-04-04,326395,229742,201341
2023-04-03,322044,233749,190351
2023-04-02,308193,233407,176680
2023-04-01,329104,248192,183246
2023-03-31,370409,264708,222446
2023-03-30,370435,258546,212923
2023-03-29,352659,250402,201134
2023-03-28,340773,235355,208571
2023-03-27,343903,239800,213916
2023-03-26,321290,240266,190191
2023-03-25,341137,252475,204511
2023-03-24,348056,248703,215301
2023-03-23,350161,243975,213928
2023-03-22,340968,241545,196553
2023-03-21,335074,238486,195013
2023-03-20,347671,239983,205763
2023-03-19,298658,214466,170611
2023-03-18,314163,225914,177772
2023-03-17,325779,222799,190273
2023-03-16,287201,198158,170814
2023-03-15,330658,240308,179214
2023-03-14,332631,228921,191485
2023-03-13,407185,302808,188411
2023-03-12,281573,196539,157865
2023-03-11,259599,144130,180222
2023-03-10,293024,190371,181664
2023-03-09,309310,216615,179309
2023-03-08,285978,201704,164839
2023-03-07,286079,205087,168373
2023-03-06,290231,204401,169402
2023-03-05,274916,204782,152639
2023-03-04,282057,211670,153462
2023-03-03,320724,229560,181198
2023-03-02,334389,246769,176639
2023-03-01,309717,214061,185059
2023-02-28,286765,200084,171885
2023-02-27,321849,235654,170582
2023-02-26,342470,264463,178172
2023-02-25,329515,245308,175971
2023-02-24,338627,238922,192875
2023-02-23,327494,216620,196202
2023-02-22,290971,185109,187415
2023-02-21,298136,199295,181548
2023-02-20,284634,197566,175199
2023-02-19,260939,182616,157193
2023-02-18,267704,193493,156510
2023-02-17,292947,207793,174824
2023-02-16,302889,204933,185869
2023-02-15,298824,204488,185485
2023-02-14,306706,191634,196055
2023-02-13,284040,193715,168024
2023-02-12,268128,189179,159183
2023-02-11,270898,190766,158590
2023-02-10,294764,198721,179019
2023-02-09,280696,187231,176636
2023-02-08,299141,205405,184243
2023-02-07,301779,198322,191367
2023-02-06,299721,196190,188243
2023-02-05,325814,229098,186932
2023-02-04,302998,208186,185568
2023-02-03,285607,200147,170373
2023-02-02,300813,205044,183405
2023-02-01,288609,199853,172411
2023-01-31,290803,206892,170300
2023-01-30,293819,213573,168385
2023-01-29,263722,190544,151176
2023-01-28,263688,193426,149228
2023-01-27,315000,206356,195952
2023-01-26,280020,201977,161794
2023-01-25,259418,180479,155831
2023-01-24,264530,184556,162142
2023-01-23,247304,173090,147182
2023-01-22,242168,168263,144335
2023-01-21,275233,197973,155319
2023-01-20,276898,188610,172169
2023-01-19,263929,178792,160514
2023-01-18,277102,188148,169072
2023-01-17,283407,195936,172302
2023-01-16,292651,203968,173754
2023-01-15,284465,198908,164452
2023-01-14,318064,225166,180862
2023-01-13,282040,192784,171795
2023-01-12,300437,213471,169353
2023-01-11,282999,195535,170379
2023-01-10,291905,209366,166841
2023-01-09,316133,231563,166811
2023-01-08,542392,476484,133397
2023-01-07,282952,198712,161331
2023-01-06,285921,200842,165142
2023-01-05,409964,327890,158244
2023-01-04,294840,209527,166631
2023-01-03,240847,172042,140241
2023-01-02,229729,164176,134007
2023-01-01,191946,138327,111050
2022-12-31,235329,172621,131592
2022-12-30,263596,186434,154330
2022-12-29,249818,174746,150566
2022-12-28,270446,195046,153093
2022-12-27,262111,179264,155649
2022-12-26,268735,194269,142568
2022-12-25,263948,203490,121327
2022-12-24,267027,201102,148356
2022-12-23,286166,209776,172237
2022-12-22,270646,194006,159069
2022-12-21,269486,192954,154518
2022-12-20,258328,176826,158249
2022-12-19,262447,178257,158019
2022-12-18,219450,152645,131020
2022-12-17,288880,203541,160269
2022-12-16,330850,236766,174469
2022-12-15,298420,211220,167990
2022-12-14,281683,183902,176252
2022-12-13,300809,183551,196179
2022-12-12,414861,314108,174842
2022-12-11,423934,314536,177661
2022-12-10,329117,226483,168192
2022-12-09,1195648,1112769,152665
2022-12-08,260439,173176,158158
2022-12-07,264503,179493,158368
2022-12-06,285555,194126,173137
2022-12-05,283076,192726,164351
2022-12-04,325894,242106,152082
2022-12-03,328020,253675,145693
2022-12-02,331909,242429,164207
2022-12-01,264610,177811,163282
2022-11-30,286434,191537,170525
2022-11-29,310319,210167,172003
2022-11-28,378965,279395,171951
2022-11-27,293864,217271,142460
2022-11-26,323676,230399,159706
2022-11-25,326674,207352,189204
2022-11-24,334351,202999,202915
2022-11-23,297487,198205,176824
2022-11-22,270272,171259,171255
2022-11-21,267264,171638,167380
2022-11-20,271671,174809,167180
2022-11-19,296310,202443,162046
2022-11-18,324268,215323,183635
2022-11-17,341560,221943,198777
2022-11-16,328828,204048,199844
2022-11-15,325068,200974,201989
2022-11-14,304971,167834,206415
2022-11-13,307041,163684,212635
2022-11-12,300747,183889,187047
2022-11-11,310802,180170,205938
2022-11-10,306245,167990,212094
2022-11-09,313056,171259,213504
2022-11-08,298723,178412,196778
2022-11-07,294174,181113,191165
2022-11-06,271332,174788,174319
2022-11-05,285356,194729,165454
2022-11-04,282990,184524,173359
2022-11-03,291436,184080,188750
2022-11-02,276678,185092,170548
2022-11-01,310027,222184,170140
2022-10-31,295221,200051,174630
2022-10-30,291655,209051,159592
2022-10-29,287578,203103,155591
2022-10-28,267089,183166,159900
2022-10-27,337518,240342,186673
2022-10-26,317549,223480,173612
2022-10-25,287774,201226,166736
2022-10-24,277490,190214,164736
2022-10-23,284386,205096,152480
2022-10-22,271416,189831,153697
2022-10-21,295495,197219,177311
2022-10-20,303792,199646,182442
2022-10-19,267266,176287,162940
2022-10-18,272732,185008,159434
2022-10-17,284121,183538,171620
2022-10-16,248805,169474,141840
2022-10-15,291289,166937,192538
2022-10-14,315834,187726,202347
2022-10-13,324742,196656,204963
2022-10-12,319567,205337,193742
2022-10-11,332380,209307,216569
2022-10-10,360440,202885,259364
2022-10-09,355857,198863,260230
2022-10-08,402549,268600,226136
2022-10-07,374693,273992,180293
2022-10-06,397364,290399,186986
2022-10-05,344781,256162,166911
2022-10-04,325742,227195,173160
2022-10-03,315099,214936,169845
2022-10-02,349024,254421,167193
2022-10-01,334044,236285,168784
2022-09-30,338568,237691,185540
2022-09-29,342114,243660,171781
2022-09-28,313487,207408,181111
2022-09-27,327102,227258,176329
2022-09-26,342807,253943,158424
2022-09-25,343063,276043,131173
2022-09-24,386275,321083,134300
2022-09-23,356234,279456,153589
2022-09-22,328400,248111,157758
2022-09-21,329831,232606,173324
2022-09-20,338850,249288,168376
2022-09-19,332229,245698,164331
2022-09-18,352301,266052,161005
2022-09-17,525357,425827,174781
2022-09-16,478490,280948,298615
2022-09-15,450265,248136,300176
2022-09-14,422144,269652,247845
2022-09-13,376254,248481,220061
2022-09-12,343323,228780,203318
2022-09-11,351415,241710,194613
2022-09-10,362575,250775,197560
2022-09-09,376811,259542,207361
2022-09-08,363989,246412,204381
2022-09-07,337706,222930,207353
2022-09-06,359784,242978,213055
2022-09-05,376352,264448,203937
2022-09-04,456480,357143,177576
2022-09-03,395269,288215,189472
2022-09-02,375195,258389,205167
2022-09-01,347443,227963,213118
2022-08-31,339039,224590,209273
2022-08-30,326668,212164,200470
2022-08-29,330431,221878,193217
2022-08-28,349795,248924,176096
2022-08-27,354515,249384,188971
2022-08-26,338276,230684,192621
2022-08-25,365360,251114,203814
2022-08-24,349663,242414,191630
2022-08-23,344408,239755,189714
2022-08-22,334229,230010,187538
2022-08-21,376639,266666,192974
2022-08-20,353873,244014,191393
2022-08-19,354617,239354,207449
2022-08-18,384756,276458,200777
2022-08-17,382641,268830,202575
2022-08-16,375433,266275,198418
2022-08-15,341917,229328,201518
2022-08-14,367271,257879,194260
2022-08-13,381725,268846,205031
2022-08-12,370505,252243,217051
2022-08-11,350115,230388,216431
2022-08-10,382934,264226,222188
2022-08-09,369480,252386,215579
2022-08-08,384041,262156,222404
2022-08-07,431273,304726,218874
2022-08-06,441449,319048,218085
2022-08-05,425758,297499,219717
2022-08-04,733711,588900,236184
2022-08-03,448025,281740,255309
2022-08-02,410040,266254,238219
2022-08-01,522571,372137,242679
2022-07-31,413154,301728,202425
2022-07-30,426626,303865,219493
2022-07-29,419804,297372,221910
2022-07-28,392669,260613,233789
2022-07-27,414841,255394,253954
2022-07-26,934217,799397,239643
2022-07-25,492634,373542,225746
2022-07-24,386856,275460,205813
2022-07-23,388109,270188,212305
2022-07-22,414645,288312,228819
2022-07-21,394531,271594,224006
2022-07-20,377049,250952,231289
2022-07-19,365092,239507,230541
2022-07-18,389230,262168,232167
2022-07-17,434570,324840,199443
2022-07-16,472324,358661,211989
2022-07-15,435506,317324,224911
2022-07-14,400792,287461,216034
2022-07-13,369729,257338,205556
2022-07-12,338173,218120,211349
2022-07-11,333223,217528,203643
2022-07-10,386507,259733,229229
2022-07-09,374526,245263,226132
2022-07-08,362485,234245,237145
2022-07-07,370642,240274,241163
2022-07-06,357126,223423,236669
2022-07-05,342862,219805,216914
2022-07-04,346177,231040,211724
2022-07-03,361070,246533,207851
2022-07-02,398253,259987,241178
2022-07-01,369773,231096,241268
2022-06-30,311322,200969,208642
2022-06-29,297063,182304,209268
2022-06-28,296327,185647,199794
2022-06-27,319091,209900,214521
2022-06-26,276027,180329,185261
2022-06-25,289908,190271,189178
2022-06-24,322046,205278,208271
2022-06-23,299993,192531,201016
2022-06-22,316573,206704,207806
2022-06-21,317308,208525,200660
2022-06-20,330352,211566,206612
2022-06-19,326722,212720,202585
2022-06-18,335069,201265,232359
2022-06-17,349578,227035,216390
2022-06-16,355123,217083,238762
2022-06-15,335041,190493,247350
2022-06-14,351969,196636,262478
2022-06-13,360643,202512,270017
2022-06-12,326791,205110,219635
2022-06-11,347877,219853,233565
2022-06-10,342044,205036,241911
2022-06-09,317677,195705,220482
2022-06-08,302255,186402,211593
2022-06-07,318373,197821,219132
2022-06-06,324918,206555,220849
2022-06-05,300453,190970,203865
2022-06-04,304636,190116,207311
2022-06-03,321359,199868,224977
2022-06-02,323635,201575,225880
2022-06-01,351333,227921,233602
2022-05-31,384481,258165,237231
2022-05-30,324402,205079,214012
2022-05-29,380107,263795,229118
2022-05-28,388546,269540,222796
2022-05-27,345056,219242,236633
2022-05-26,328832,198927,231414
2022-05-25,359741,230188,234293
2022-05-24,378544,255942,223480
2022-05-23,366978,242478,226051
2022-05-22,363240,249146,205796
2022-05-21,387430,266726,219100
2022-05-20,371737,245893,227989
2022-05-19,381123,257656,221043
2022-05-18,413882,269897,248974
2022-05-17,382977,244111,244186
2022-05-16,408104,268018,245209
2022-05-15,392050,258505,234144
2022-05-14,412962,260460,259939
2022-05-13,528757,352397,296235
2022-05-12,515165,329570,294559
2022-05-11,390808,229636,273095
2022-05-10,417966,272020,297380
2022-05-09,405692,263033,276963
2022-05-08,397568,268252,250720
2022-05-07,378914,254694,239407
2022-05-06,392317,253543,272458
2022-05-05,403614,254261,282459
2022-05-04,386080,250050,258820
2022-05-03,356032,220472,246967
2022-05-02,363202,228343,253015
2022-05-01,376092,235779,270832
2022-04-30,400550,256353,268553
2022-04-29,398268,257577,271447
2022-04-28,409723,268370,272579
2022-04-27,411725,269242,283334
2022-04-26,397799,255994,268757
2022-04-25,386571,250862,264010
2022-04-24,392921,272457,234711
2022-04-23,377315,252413,237712
2022-04-22,403596,259555,273715
2022-04-21,385440,242232,266276
2022-04-20,491984,353693,259560
2022-04-19,484630,343328,259544
2022-04-18,388779,256822,247401
2022-04-17,374226,250941,222509
2022-04-16,387047,260778,234076
2022-04-15,387662,252506,244641
2022-04-14,398326,271873,236387
2022-04-13,351692,216835,241440
2022-04-12,355230,216732,246910
2022-04-11,377561,241430,247659
2022-04-10,404291,271664,249895
2022-04-09,400282,262009,248403
2022-04-08,373735,234259,257973
2022-04-07,382723,235159,266252
2022-04-06,379408,232972,263429
2022-04-05,382082,235761,265291
2022-04-04,367348,225083,258592
2022-04-03,369819,229806,254843
2022-04-02,372531,227938,262422
2022-04-01,396142,242788,277979
2022-03-31,408489,250515,282353
2022-03-30,400116,252646,267650
2022-03-29,422373,259368,289062
2022-03-28,431653,273124,287095
2022-03-27,416042,274481,256969
2022-03-26,428522,293188,248614
2022-03-25,424512,279374,265426
2022-03-24,422874,277583,268166
2022-03-23,427010,285902,256892
2022-03-22,478234,342470,252930
2022-03-21,447775,315996,239994
2022-03-20,412804,281742,236743
2022-03-19,405644,267059,250412
2022-03-18,528726,393987,259153
2022-03-17,411123,263626,271410
2022-03-16,469867,331938,251887
2022-03-15,461552,316306,258833
2022-03-14,401014,265086,244711
2022-03-13,391872,267797,227016
2022-03-12,427728,294171,242120
2022-03-11,415769,286100,240451
2022-03-10,424326,294330,239698
2022-03-09,417958,274304,256879
2022-03-08,432726,278565,263252
2022-03-07,435982,272510,276264
2022-03-06,424416,277847,253693
2022-03-05,406216,274639,236331
2022-03-04,430111,286439,261280
2022-03-03,438497,297027,263716
2022-03-02,446420,304933,267579
2022-03-01,422165,268940,279646
2022-02-28,400977,256087,259806
2022-02-27,415768,282124,244149
2022-02-26,447055,302141,260416
2022-02-25,422601,281706,258721
2022-02-24,411860,262850,279491
2022-02-23,408227,254703,274375
2022-02-22,388267,249067,259406
2022-02-21,378156,241992,251635
2022-02-20,385248,248410,247466
2022-02-19,387822,249470,249080
2022-02-18,366631,227075,252758
2022-02-17,398177,256564,257392
2022-02-16,402117,260135,259686
2022-02-15,422464,273165,268372
2022-02-14,420329,275890,256671
2022-02-13,429673,295842,248403
2022-02-12,403250,271545,246193
2022-02-11,439758,282251,281037
2022-02-10,441226,280649,291015
2022-02-09,440410,281155,291699
2022-02-08,427094,272678,281152
2022-02-07,418519,264863,279561
2022-02-06,449291,289682,284307
2022-02-05,486212,300916,319703
2022-02-04,428944,278331,280914
2022-02-03,396319,248454,267179
2022-02-02,411703,257543,280623
2022-02-01,424541,265972,294334
2022-01-31,431476,269563,286470
2022-01-30,418013,264357,271906
2022-01-29,402091,248706,278979
2022-01-28,384931,234189,272508
2022-01-27,375262,227926,261125
2022-01-26,389720,233043,279357
2022-01-25,404446,244468,288110
2022-01-24,386784,233839,272493
2022-01-23,385231,234049,267218
2022-01-22,400833,245492,285694
2022-01-21,409061,237502,297326
2022-01-20,430464,267842,296397
2022-01-19,436074,265666,304587
2022-01-18,411634,256907,278920
2022-01-17,426396,264713,287870
2022-01-16,428372,274558,286866
2022-01-15,446118,277537,293049
2022-01-14,439910,286617,288037
2022-01-13,482484,295145,317499
2022-01-12,459706,293137,295233
2022-01-11,415547,244833,298491
2022-01-10,361898,211302,263252
2022-01-09,380174,236837,266828
2022-01-08,423666,255114,296733
2022-01-07,415258,254690,291581
2022-01-06,438895,264620,308283
2022-01-05,450867,263710,320831
2022-01-04,429463,258922,307617
2022-01-03,413804,239760,299787
2022-01-02,381728,220058,276174
2022-01-01,400968,234246,288422
2021-12-31,406830,238006,298377
2021-12-30,430577,248812,309874
2021-12-29,394584,228697,285421
2021-12-28,428618,250179,311384
2021-12-27,441477,251652,319936
2021-12-26,403690,232239,291138
2021-12-25,383179,219972,280090
2021-12-24,426923,253366,300622
2021-12-23,433728,251569,313497
2021-12-22,464402,293181,295507
2021-12-21,427561,245903,308686
2021-12-20,428648,262671,287972
2021-12-19,404240,246804,271964
2021-12-18,405469,242266,287698
2021-12-17,453393,258156,336038
2021-12-16,437982,262221,296873
2021-12-15,430550,232658,320965
2021-12-14,430661,236496,316750
2021-12-13,442540,256577,305387
2021-12-12,438498,252416,307357
2021-12-11,429544,253651,296388
2021-12-10,452282,270633,304350
2021-12-09,444288,262057,303102
2021-12-08,463695,257771,329092
2021-12-07,437969,242272,324689
2021-12-06,430185,263442,292554
2021-12-05,656893,501240,272324
2021-12-04,398382,221439,299022
2021-12-03,408869,237922,296142
2021-12-02,445532,262450,316459
2021-12-01,430293,253649,315540
2021-11-30,470438,281141,333671
2021-11-29,451044,272062,318164
2021-11-28,388116,227979,281264
2021-11-27,404963,231813,302205
2021-11-26,435656,251845,316079
2021-11-25,437643,254863,325240
2021-11-24,447076,266105,335928
2021-11-23,428152,250030,319010
2021-11-22,402766,239574,296823
2021-11-21,449195,280696,304202
2021-11-20,407343,237769,297750
2021-11-19,460930,287486,306605
2021-11-18,440501,267471,314751
2021-11-17,537705,361823,316717
2021-11-16,443110,259938,328506
2021-11-15,458954,274722,327909
2021-11-14,497805,316008,329774
2021-11-13,506088,315874,338797
2021-11-12,501545,311823,334419
2021-11-11,503826,306194,331761
2021-11-10,516858,305178,350288
2021-11-09,458257,235984,349997
2021-11-08,487204,261762,357276
2021-11-07,475368,257239,353290
2021-11-06,463203,246305,348096
2021-11-05,481989,256935,364470
2021-11-04,490830,256762,370961
2021-11-03,515669,267133,390741
2021-11-02,514847,275578,382739
2021-11-01,491396,256950,366413
2021-10-31,467495,245667,353710
2021-10-30,509947,263895,394982
2021-10-29,563346,309434,428820
2021-10-28,539505,318234,420564
2021-10-27,471287,268574,362425
2021-10-26,470449,278735,357904
2021-10-25,448510,272558,335945
2021-10-24,441251,276818,318478
2021-10-23,461477,304258,304432
2021-10-22,435852,265568,315740
2021-10-21,458257,278843,327414
2021-10-20,458011,282979,323650
2021-10-19,425518,258757,300211
2021-10-18,416639,253493,300370
2021-10-17,397690,249899,273892
2021-10-16,432588,259054,309175
2021-10-15,413923,237284,313723
2021-10-14,416875,253783,304445
2021-10-13,392849,236590,286901
2021-10-12,396150,241104,286657
2021-10-11,375029,224420,276766
2021-10-10,391042,250750,263643
2021-10-09,432104,266064,299796
2021-10-08,452974,294088,320750
2021-10-07,464059,277862,335780
2021-10-06,524555,271755,402573
2021-10-05,409578,251699,287667
2021-10-04,351261,209506,259765
2021-10-03,377349,235362,263330
2021-10-02,375003,235649,261823
2021-10-01,426351,229780,324181
2021-09-30,367198,217864,268396
2021-09-29,360151,215876,259412
2021-09-28,350865,203664,263431
2021-09-27,352384,211565,260560
2021-09-26,342230,212371,239914
2021-09-25,369625,233232,251352
2021-09-24,359787,216390,266004
2021-09-23,391526,238200,283363
2021-09-22,370292,221409,268536
2021-09-21,358104,216930,261976
2021-09-20,355364,209223,265431
2021-09-19,365914,235121,248876
2021-09-18,386274,237704,271675
2021-09-17,362274,220763,265222
2021-09-16,395922,245407,285657
2021-09-15,423991,269802,288677
2021-09-14,424257,263727,294341
2021-09-13,479879,339793,265046
2021-09-12,425924,278421,282523
2021-09-11,472351,323971,276903
2021-09-10,409114,252036,283405
2021-09-09,383581,217560,290503
2021-09-08,379600,209233,288408
2021-09-07,411510,236234,305676
2021-09-06,384393,219808,282335
2021-09-05,362628,208511,267716
2021-09-04,381131,216541,281398
2021-09-03,383432,220556,282035
2021-09-02,421517,243246,309822
2021-09-01,408883,233412,306440
2021-08-31,395591,232263,294382
2021-08-30,370562,216528,279101
2021-08-29,357676,216340,261453
2021-08-28,370106,218007,270534
2021-08-27,351066,201959,265690
2021-08-26,356043,209439,264972
2021-08-25,353557,203336,268575
2021-08-24,370494,222348,277306
2021-08-23,387217,236273,282392
2021-08-22,364837,228133,253917
2021-08-21,379781,238447,264584
2021-08-20,400295,245389,291775
2021-08-19,397710,242574,282753
2021-08-18,363625,217945,266728
2021-08-17,380945,226707,285336
2021-08-16,395889,241412,291436
2021-08-15,356194,211851,258071
2021-08-14,359325,208993,270840
2021-08-13,365630,218582,269286
2021-08-12,370402,216999,274864
2021-08-11,378794,226831,281807
2021-08-10,376126,224955,278139
2021-08-09,378335,230483,275109
2021-08-08,393051,237206,277405
2021-08-07,383342,233595,277351
2021-08-06,387681,240366,269419
2021-08-05,362295,223732,251812
2021-08-04,393076,238628,277946
2021-08-03,400412,247548,278258
2021-08-02,420493,265399,274276
2021-08-01,410507,260911,264255
2021-07-31,408664,255395,272559
2021-07-30,415441,265938,273801
2021-07-29,420946,273383,266440
2021-07-28,485451,268650,347135
2021-07-27,504765,264527,374781
2021-07-26,414996,263617,270851
2021-07-25,368547,241862,231019
2021-07-24,415858,281706,247723
2021-07-23,393933,254503,252604
2021-07-22,379745,242472,250572
2021-07-21,382686,247143,246230
2021-07-20,378466,241281,251252
2021-07-19,368600,226377,248512
2021-07-18,343856,223770,218940
2021-07-17,354892,224291,234908
2021-07-16,365252,224812,254976
2021-07-15,387700,240678,266846
2021-07-14,371393,227728,259179
2021-07-13,366878,225094,254059
2021-07-12,351440,220957,236596
2021-07-11,345336,221073,219772
2021-07-10,346245,219410,226871
2021-07-09,374671,233344,250544
2021-07-08,382770,231695,262708
2021-07-07,389128,234879,273989
2021-07-06,383107,228260,268090
2021-07-05,376454,242719,238984
2021-07-04,360679,231980,228597
2021-07-03,356315,229048,231535
2021-07-02,389821,254292,239763
2021-07-01,416859,277680,250975
2021-06-30,393733,256810,251002
2021-06-29,421075,262925,277381
2021-06-28,573650,271914,449452
2021-06-27,400404,246076,252724
2021-06-26,385957,254837,230557
2021-06-25,411779,273671,250175
2021-06-24,412389,270342,239936
2021-06-23,398123,251778,246050
2021-06-22,403117,247278,268881
2021-06-21,375933,232569,244366
2021-06-20,345371,222935,209417
2021-06-19,335630,212816,213148
2021-06-18,359305,224030,235114
2021-06-17,372469,224675,254088
2021-06-16,392471,253317,251020
2021-06-15,396062,257890,252555
2021-06-14,386017,251332,239421
2021-06-13,401352,272788,228795
2021-06-12,374988,246952,224245
2021-06-11,366673,227174,241189
2021-06-10,382162,243875,244688
2021-06-09,386904,246750,241468
2021-06-08,380325,240049,246620
2021-06-07,414486,268311,248342
2021-06-06,418826,286318,227587
2021-06-05,434659,293620,242140
2021-06-04,457455,308171,258924
2021-06-03,471577,310829,280652
2021-06-02,437282,283373,274606
2021-06-01,455890,263409,310663
2021-05-31,477067,273621,326223
2021-05-30,443392,259196,302615
2021-05-29,484602,286834,327714
2021-05-28,420309,247770,298035
2021-05-27,451303,288556,277928
2021-05-26,449914,273870,295409
2021-05-25,426614,258457,280367
2021-05-24,434046,250634,303646
2021-05-23,414443,229934,297726
2021-05-22,455546,237796,335872
2021-05-21,480680,289508,317429
2021-05-20,535110,307872,371001
2021-05-19,515301,278647,405117
2021-05-18,494961,285289,366624
2021-05-17,512349,293666,376036
2021-05-16,544870,300773,402531
2021-05-15,571651,313137,426750
2021-05-14,588100,330080,436550
2021-05-13,614931,326695,459342
2021-05-12,638407,320959,509430
2021-05-11,705639,346959,588159
2021-05-10,666618,333270,539665
2021-05-09,686583,383817,529753
2021-05-08,649990,315722,537752
2021-05-07,544937,325152,389784
2021-05-06,556643,328804,394335
2021-05-05,561721,337512,387011
2021-05-04,573922,343919,384815
2021-05-03,546123,316673,369014
2021-05-02,512309,295034,349546
2021-05-01,522007,322634,325582
2021-04-30,487320,292971,331714
2021-04-29,521737,331601,407167
2021-04-28,530142,343737,409716
2021-04-27,518545,336158,379961
2021-04-26,539145,357693,363585
2021-04-25,552824,364457,347632
2021-04-24,546286,337651,381850
2021-04-23,528041,324033,406872
2021-04-22,574129,347990,447202
2021-04-21,593747,357375,467288
2021-04-20,614615,360286,522914
2021-04-19,560731,334117,456501
2021-04-18,506115,291312,419254
2021-04-17,540915,310292,456995
2021-04-16,505334,303450,420697
2021-04-15,404628,235959,305192
2021-04-14,465806,280989,370132
2021-04-13,458120,274221,363554
2021-04-12,455269,275212,345530
2021-04-11,433511,260413,331592
2021-04-10,471475,279076,362245
2021-04-09,417062,253504,327051
2021-04-08,427951,256071,327223
2021-04-07,434750,254529,338612
2021-04-06,441779,258767,353094
2021-04-05,428932,256770,337390
2021-04-04,408643,241909,313996
2021-04-03,442370,255747,353244
2021-04-02,470225,280339,371790
2021-04-01,495263,274618,410766
2021-03-31,449376,252887,370926
2021-03-30,427848,247837,347674
2021-03-29,407736,241556,323462
2021-03-28,396036,234623,306963
2021-03-27,403770,236353,317473
2021-03-26,417131,242972,329547
2021-03-25,446804,244621,359807
2021-03-24,423917,236993,345558
2021-03-23,435851,261700,328313
2021-03-22,416991,237635,339177
2021-03-21,392096,235115,303386
2021-03-20,420290,247310,338843
2021-03-19,419868,247426,339085
2021-03-18,440529,243647,368959
2021-03-17,412509,243876,338029
2021-03-16,419418,246985,338129
2021-03-15,431433,260719,337471
2021-03-14,415400,249252,328228
2021-03-13,429995,259826,342528
2021-03-12,427324,261033,339019
2021-03-11,445036,265870,337890
2021-03-10,426145,265922,312254
2021-03-09,411228,250834,317943
2021-03-08,383041,230215,295903
2021-03-07,363637,217402,283608
2021-03-06,385818,231877,293354
2021-03-05,360706,215709,281488
2021-03-04,414523,244670,316216
2021-03-03,388928,231689,307779
2021-03-02,405613,254553,297582
2021-03-01,393210,243910,287471
2021-02-28,390018,235408,288708
2021-02-27,406924,243965,306722
2021-02-26,408992,246818,308366
2021-02-25,410537,237399,315528
2021-02-24,422333,238351,335321
2021-02-23,418286,219526,346443
2021-02-22,432076,231456,348704
2021-02-21,423795,233570,327237
2021-02-20,461248,251933,373849
2021-02-19,462073,262680,360248
2021-02-18,442239,247963,353990
2021-02-17,424220,258737,315970
2021-02-16,412488,244943,328770
2021-02-15,396196,214263,300992
2021-02-14,387895,232958,305374
2021-02-13,411795,249027,333072
2021-02-12,428091,255400,340134
2021-02-11,443223,265812,337579
2021-02-10,451165,248985,370359
2021-02-09,447761,254884,357026
2021-02-08,437934,256046,338987
2021-02-07,417753,247871,322624
2021-02-06,420472,242974,332282
2021-02-05,447358,253130,361400
2021-02-04,452285,252229,351886
2021-02-03,462638,262903,349745
2021-02-02,430498,246774,339570
2021-02-01,416150,240144,329923
2021-01-31,396059,233578,307633
2021-01-30,413697,247339,311747
2021-01-29,432829,241768,348739
2021-01-28,377447,204213,301286
2021-01-27,339320,189319,261442
2021-01-26,383021,231031,269826
2021-01-25,380529,222060,289578
2021-01-24,361452,218680,255667
2021-01-23,360522,222831,246782
2021-01-22,361348,210469,272745
2021-01-21,359856,210661,265647
2021-01-20,399070,239836,277958
2021-01-19,419581,254559,304222
2021-01-18,383785,223197,275029
2021-01-17,365056,223570,248192
2021-01-16,399882,242349,275608
2021-01-15,404621,240117,283291
2021-01-14,383318,217985,280397
2021-01-13,358697,200590,260792
2021-01-12,368755,206833,276637
2021-01-11,431072,252668,309398
2021-01-10,422050,254555,292577
2021-01-09,435756,270265,292988
2021-01-08,438920,252265,322790
2021-01-07,472814,275451,330504
2021-01-06,432013,244670,322016
2021-01-05,413401,234848,308945
2021-01-04,436310,240569,335195
2021-01-03,406450,232780,303188
2021-01-02,329346,184791,253841
2021-01-01,345537,214623,228217
2020-12-31,327765,189028,245085
2020-12-30,345235,199369,253704
2020-12-29,350549,202496,258100
2020-12-28,365814,213557,266909
2020-12-27,340855,202165,244599
2020-12-26,307610,182719,222389
2020-12-25,300406,174845,222793
2020-12-24,316111,170955,243843
2020-12-23,344705,192965,261103
2020-12-22,308926,180600,225701
2020-12-21,307649,179249,222003
2020-12-20,303130,180363,208417
2020-12-19,380188,252376,224085
2020-12-18,374223,199814,274844
2020-12-17,447071,274767,305705
2020-12-16,383602,208902,288069
2020-12-15,354931,186793,280529
2020-12-14,376442,213084,297452
2020-12-13,365224,209558,290285
2020-12-12,333382,191636,255396
2020-12-11,307401,182722,224272
2020-12-10,284121,164975,206280
2020-12-09,303962,181203,218164
2020-12-08,301862,180106,213897
2020-12-07,291559,172542,201968
2020-12-06,281108,176319,182157
2020-12-05,307332,181468,204726
2020-12-04,300716,169500,215700
2020-12-03,309470,187639,208349
2020-12-02,296260,175671,203187
2020-12-01,323940,185128,238014
2020-11-30,331679,197654,229756
2020-11-29,348959,236882,179354
2020-11-28,310398,195047,187135
2020-11-27,333605,211221,202435
2020-11-26,323177,183258,238214
2020-11-25,375198,220982,262052
2020-11-24,363089,207936,273460
2020-11-23,369528,212498,260366
2020-11-22,360404,220695,243648
2020-11-21,369724,222634,256817
2020-11-20,346716,201013,257401
2020-11-19,333959,178292,251821
2020-11-18,325242,178756,245995
2020-11-17,326615,179886,247989
2020-11-16,309127,180002,213298
2020-11-15,281021,165288,191088
2020-11-14,315948,194502,205493
2020-11-13,327040,193023,229388
2020-11-12,300292,170588,214277
2020-11-11,311918,178679,222557
2020-11-10,306865,174106,221589
2020-11-09,313476,182393,216630
2020-11-08,301867,179032,201355
2020-11-07,325488,199183,217983
2020-11-06,352974,211711,242813
2020-11-05,324587,194887,220032
2020-11-04,367339,239552,212703
2020-11-03,307180,177858,221136
2020-11-02,316567,180350,228147
2020-11-01,290810,175238,202598
2020-10-31,314781,180541,220994
2020-10-30,290507,163756,217546
2020-10-29,287047,158009,216206
2020-10-28,305531,176615,213948
2020-10-27,284134,161581,206194
2020-10-26,285847,162994,205786
2020-10-25,259476,147295,186005
2020-10-24,289461,172898,194315
2020-10-23,327605,170736,245743
2020-10-22,345043,188255,253546
2020-10-21,324002,176913,240162
2020-10-20,282255,147613,210757
2020-10-19,288938,159182,202182
2020-10-18,253112,133276,180184
2020-10-17,325671,192434,204881
2020-10-16,387787,247132,230369
2020-10-15,432427,276853,253740
2020-10-14,298553,176776,199099
2020-10-13,299894,179992,197720
2020-10-12,269562,152804,191407
2020-10-11,256563,146226,176945
2020-10-10,276933,160993,185968
2020-10-09,289729,170005,190853
2020-10-08,268239,158945,178118
2020-10-07,269837,161421,177303
2020-10-06,271463,158578,188141
2020-10-05,252774,148315,177990
2020-10-04,271185,178349,160930
2020-10-03,253032,154376,165111
2020-10-02,275538,169266,178489
2020-10-01,281618,172132,183855
2020-09-30,279703,148030,210308
2020-09-29,282554,157474,203094
2020-09-28,289972,166153,200031
2020-09-27,279403,180702,167759
2020-09-26,276938,175635,168796
2020-09-25,277616,163664,191780
2020-09-24,307425,183795,198962
2020-09-23,299640,181302,194245
2020-09-22,290825,166328,202154
2020-09-21,317395,184043,211080
2020-09-20,325234,200376,198268
2020-09-19,296119,171154,201605
2020-09-18,349101,191322,261101
2020-09-17,356433,182589,299371
2020-09-16,245287,127525,186286
2020-09-15,269390,146684,196939
2020-09-14,255366,135567,190686
2020-09-13,225009,118745,167787
2020-09-12,236208,126617,176812
2020-09-11,242767,125820,186535
2020-09-10,250085,129899,193046
2020-09-09,251093,135451,186531
2020-09-08,266760,152939,184149
2020-09-07,272681,152825,192347
2020-09-06,274383,154052,191944
2020-09-05,254773,133543,196632
2020-09-04,322783,183743,228846
2020-09-03,293984,153107,232411
2020-09-02,296157,152081,237250
2020-09-01,320990,167818,256359
2020-08-31,314830,167009,248872
2020-08-30,266744,142505,209395
2020-08-29,271708,152246,201806
2020-08-28,292866,163964,215160
2020-08-27,306382,169304,224792
2020-08-26,311169,169616,231668
2020-08-25,310196,165196,235978
2020-08-24,302532,161072,225277
2020-08-23,304205,157777,223323
2020-08-22,303288,165243,220797
2020-08-21,352031,180854,266459
2020-08-20,322200,187453,228453
2020-08-19,325787,186589,238202
2020-08-18,316161,176572,237883
2020-08-17,321486,179927,238886
2020-08-16,315401,179629,226841
2020-08-15,323202,185587,229740
2020-08-14,328493,182646,245674
2020-08-13,315102,164589,252423
2020-08-12,304823,148137,247487
2020-08-11,335794,180120,260199
2020-08-10,340401,180156,267726
2020-08-09,315218,180974,234015
2020-08-08,325594,193744,235496
2020-08-07,358584,200363,270522
2020-08-06,371732,222103,261267
2020-08-05,367761,215699,262548
2020-08-04,367232,223057,254732
2020-08-03,359371,209167,258715
2020-08-02,348957,202057,254121
2020-08-01,355004,215358,249472
2020-07-31,337703,192701,253512
2020-07-30,333928,196955,245153
2020-07-29,329877,192517,244700
2020-07-28,393606,236495,277047
2020-07-27,378135,218979,282877
2020-07-26,335859,199623,245239
2020-07-25,328130,190412,242068
2020-07-24,318608,184941,237768
2020-07-23,341181,195481,252270
2020-07-22,318979,186052,234833
2020-07-21,305995,170293,233690
2020-07-20,339061,205084,229708
2020-07-19,306694,194070,201246
2020-07-18,288672,172755,212744
2020-07-17,309919,181428,233583
2020-07-16,315488,184720,238165
2020-07-15,345191,214218,237114
2020-07-14,326413,182066,247607
2020-07-13,330958,185141,245781
2020-07-12,287001,174064,199716
2020-07-11,298969,185573,203406
2020-07-10,300868,180361,216218
2020-07-09,310554,179898,227948
2020-07-08,310031,176493,232911
2020-07-07,311415,187496,221215
2020-07-06,301577,175765,216438
2020-07-05,268685,168162,181289
2020-07-04,281499,175414,189483
2020-07-03,295360,172250,211939
2020-07-02,310615,187673,214248
2020-07-01,324950,193611,224901
2020-06-30,321947,183385,229068
2020-06-29,350625,231915,203229
2020-06-28,285232,172874,190052
2020-06-27,280015,147894,211521
2020-06-26,286639,149012,221832
2020-06-25,288523,152132,223257
2020-06-24,288775,151986,222540
2020-06-23,292697,154767,224348
2020-06-22,286363,151464,217374
2020-06-21,252353,137754,185551
2020-06-20,257316,141755,189601
2020-06-19,265284,140175,203703
2020-06-18,278576,156129,198225
2020-06-17,264842,135578,205429
2020-06-16,258542,137799,198431
2020-06-15,266064,138963,208835
2020-06-14,225843,133270,162790
2020-06-13,241646,145595,169616
2020-06-12,253679,143930,193176
2020-06-11,264143,146660,201997
2020-06-10,261234,141346,197442
2020-06-09,259873,145047,191527
2020-06-08,291922,143373,225792
2020-06-07,252795,127178,193690
2020-06-06,264827,145898,191672
2020-06-05,274431,156193,200801
2020-06-04,285733,161394,210415
2020-06-03,272490,157798,199968
2020-06-02,306139,168932,228795
2020-06-01,278523,144122,217401
2020-05-31,251598,138822,190609
2020-05-30,268002,146862,204691
2020-05-29,290528,166798,210559
2020-05-28,271348,141421,211379
2020-05-27,266003,134908,211799
2020-05-26,263677,132470,206992
2020-05-25,246635,124858,193229
2020-05-24,238733,132779,176242
2020-05-23,256570,143281,185320
2020-05-22,264655,135385,205712
2020-05-21,266348,142508,204243
2020-05-20,251024,132588,194595
2020-05-19,252284,135642,190914
2020-05-18,248616,130047,194110
2020-05-17,231312,127164,175826
2020-05-16,234451,130475,177647
2020-05-15,251038,137008,192594
2020-05-14,240656,127151,188737
2020-05-13,232787,126700,181721
2020-05-12,241852,128864,190196
2020-05-11,247505,130890,193984
2020-05-10,258425,139324,196275
2020-05-09,264692,154406,188505
2020-05-08,257615,143835,196355
2020-05-07,245647,135243,189668
2020-05-06,241481,143734,174392
2020-05-05,222626,132198,163667
2020-05-04,221418,124048,171396
2020-05-03,249165,159532,158339
2020-05-02,234106,147089,157788
2020-05-01,249344,144334,181167
2020-04-30,265886,152275,202350
2020-04-29,266090,147085,206370
2020-04-28,232372,129181,179753
2020-04-27,234394,124118,186499
2020-04-26,221827,122480,173451
2020-04-25,226022,129247,174922
2020-04-24,248734,137048,189384
2020-04-23,245859,135625,185986
2020-04-22,221336,114550,175595
2020-04-21,228235,126180,172132
2020-04-20,236341,138185,170541
2020-04-19,218869,137769,149060
2020-04-18,230860,144662,158966
2020-04-17,226772,139879,156665
2020-04-16,205842,120847,158596
2020-04-15,222344,141088,150959
2020-04-14,247708,163467,149182
2020-04-13,212272,134309,139742
2020-04-12,187541,111746,131864
2020-04-11,179468,103465,132284
2020-04-10,191834,110508,145242
2020-04-09,195516,113109,146029
2020-04-08,263996,181816,145661
2020-04-07,194395,112834,150747
2020-04-06,212468,108795,170829
2020-04-05,157456,86129,125421
2020-04-04,161912,91980,127015
2020-04-03,183071,98726,146028
2020-04-02,177506,96681,141829
2020-04-01,169563,95983,129663
2020-03-31,180670,91399,146197
2020-03-30,197433,103476,147364
2020-03-29,160214,92793,114820
2020-03-28,172967,99771,125670
2020-03-27,200804,119609,134128
2020-03-26,204128,120515,136837
2020-03-25,186105,99629,137972
2020-03-24,194505,103300,142876
2020-03-23,210604,99682,162927
2020-03-22,193019,88297,151648
2020-03-21,206721,90200,164916
2020-03-20,207147,105256,161315
2020-03-19,210611,109206,160458
2020-03-18,186877,96725,142176
2020-03-17,197194,101895,147417
2020-03-16,208911,110632,154800
2020-03-15,171163,93442,125606
2020-03-14,179266,96942,133278
2020-03-13,224218,111842,180848
2020-03-12,193010,103120,149656
2020-03-11,176805,94344,134698
2020-03-10,181247,95228,140542
2020-03-09,194295,104982,148299
2020-03-08,162689,85604,127346
2020-03-07,168089,90572,129064
2020-03-06,179511,96400,137175
2020-03-05,192013,107693,137964
2020-03-04,178971,97237,135282
2020-03-03,167241,88259,131668
2020-03-02,190022,109856,135570
2020-03-01,163557,78028,131896
2020-02-29,168693,96441,123211
2020-02-28,187098,100628,139315
2020-02-27,190274,107693,140085
2020-02-26,181506,96715,143760
2020-02-25,177463,93716,138324
2020-02-24,196067,117926,129804
2020-02-23,204470,135527,116325
2020-02-22,192121,124141,114019
2020-02-21,187275,108681,130610
2020-02-20,180053,102339,130995
2020-02-19,184772,105034,134860
2020-02-18,203831,121237,141068
2020-02-17,191922,117835,130530
2020-02-16,176643,108091,121439
2020-02-15,192789,117129,134389
2020-02-14,196199,115216,141430
2020-02-13,213724,121636,161315
2020-02-12,232174,127531,175662
2020-02-11,195435,107536,145422
2020-02-10,175978,94545,136447
2020-02-09,189882,107765,133225
2020-02-08,180709,100116,132631
2020-02-07,171863,95630,131197
2020-02-06,168352,96604,127221
2020-02-05,171750,102705,120645
2020-02-04,144528,80658,111134
2020-02-03,172933,108373,114064
2020-02-02,131112,74058,103092
2020-02-01,133106,74900,104141
2020-01-31,139062,78317,108200
2020-01-30,140628,80128,107261
2020-01-29,143066,82785,107348
2020-01-28,137522,82908,100075
2020-01-27,134138,75960,101686
2020-01-26,108279,63962,80864
2020-01-25,127834,65535,97446
2020-01-24,128509,76084,94665
2020-01-23,164148,107050,100511
2020-01-22,138146,75074,107908
2020-01-21,151886,83456,113179
2020-01-20,152595,85479,111717
2020-01-19,154750,88809,109997
2020-01-18,159836,92553,116278
2020-01-17,167873,87826,128177
2020-01-16,184551,97066,136379
2020-01-15,175305,92256,134767
2020-01-14,174304,101903,125860
2020-01-13,146964,73483,117483
2020-01-12,125395,68163,97937
2020-01-11,136473,72570,107346
2020-01-10,146135,77540,115036
2020-01-09,159411,85564,119743
2020-01-08,160020,89255,117488
2020-01-07,154993,83918,117277
2020-01-06,150996,79066,116998
2020-01-05,130103,66994,101793
2020-01-04,141135,76982,108040
2020-01-03,145718,74946,117083
2020-01-02,118069,60559,93255
2020-01-01,105209,52535,85014
