date,transactions_count_total,transactions_count_mean
2024-01-19,1173934,163.88859416
2024-01-18,1204406,168.3777436
2024-01-17,1181029,165.34075318
2024-01-16,1269778,177.19480882
2024-01-15,1154132,161.21413605
2024-01-14,1961144,273.97932383
2024-01-13,1212202,169.46763596
2024-01-12,1209875,169.21328671
2024-01-11,1209246,169.69492001
2024-01-10,1247106,174.66470588
2024-01-09,1078832,151.37252701
2024-01-08,1073535,151.43673297
2024-01-07,1049831,148.21841028
2024-01-06,994947,140.96727118
2024-01-05,1069252,150.59887324
2024-01-04,1116573,156.64604377
2024-01-03,1092220,153.20802357
2024-01-02,1128657,158.4747262
2024-01-01,1101465,154.98311524
2023-12-31,1061956,148.7958526
2023-12-30,1090893,153.47397299
2023-12-29,1110469,156.07434996
2023-12-28,1185508,166.31705948
2023-12-27,1137685,160.05697805
2023-12-26,1116447,156.32133856
2023-12-25,1102694,155.17787785
2023-12-24,1140411,160.2826423
2023-12-23,1121929,157.41953136
2023-12-22,1205712,169.08035339
2023-12-21,1242003,173.85260358
2023-12-20,1246531,175.17299044
2023-12-19,1153138,162.09418049
2023-12-18,1137970,159.46889013
2023-12-17,1081782,151.89300758
2023-12-16,1056961,148.70019696
2023-12-15,1162222,162.91309223
2023-12-14,1157276,162.35634119
2023-12-13,1081514,151.5362197
2023-12-12,1076667,150.66708648
2023-12-11,1087662,152.20570949
2023-12-10,1129096,157.93761365
2023-12-09,1120555,157.0504555
2023-12-08,1182465,165.75063078
2023-12-07,1159526,162.69482251
2023-12-06,1126986,158.21788572
2023-12-05,1197166,167.67030812
2023-12-04,1158630,162.04615385
2023-12-03,1030989,144.59873773
2023-12-02,1210135,169.08411346
2023-12-01,1119260,156.51796951
2023-11-30,1119717,156.71336599
2023-11-29,1151825,161.09440559
2023-11-28,1155016,161.65374388
2023-11-27,1077314,150.96889013
2023-11-26,989613,138.69838823
2023-11-25,985612,137.94429671
2023-11-24,1068410,149.76310625
2023-11-23,1123339,157.22029391
2023-11-22,1142003,159.89960795
2023-11-21,1129495,158.12613748
2023-11-20,1151945,161.17881629
2023-11-19,983460,137.75878975
2023-11-18,1134614,159.49030082
2023-11-17,1084679,151.72457686
2023-11-16,1093005,152.76100629
2023-11-15,1075386,150.44571908
2023-11-14,1050000,146.64804469
2023-11-13,1088278,152.16414989
2023-11-12,1061494,148.58538634
2023-11-11,1107685,155.07279854
2023-11-10,1146191,160.23920034
2023-11-09,1125199,157.34848273
2023-11-08,1066274,149.06668531
2023-11-07,1055975,147.68881119
2023-11-06,1101645,154.29201681
2023-11-05,1034459,145.00406504
2023-11-04,1013882,142.09978977
2023-11-03,1104674,154.73791848
2023-11-02,1045341,146.59108119
2023-11-01,1101380,154.01761991
2023-10-31,1089606,152.71282411
2023-10-30,1094713,153.34262502
2023-10-29,1071556,150.05685478
2023-10-28,991315,138.74247726
2023-10-27,1034649,144.56462205
2023-10-26,1091779,152.71772276
2023-10-25,1081158,151.69889154
2023-10-24,1098323,153.76214476
2023-10-23,1063574,148.93908416
2023-10-22,980622,137.26511758
2023-10-21,987400,138.1558696
2023-10-20,1087921,152.02920626
2023-10-19,997931,139.62935497
2023-10-18,1010682,141.49265015
2023-10-17,1002389,140.19426573
2023-10-16,1027904,143.44180854
2023-10-15,921231,128.77145653
2023-10-14,898577,125.63996085
2023-10-13,1007291,141.11669936
2023-10-12,1004069,140.54717245
2023-10-11,1005828,140.97098809
2023-10-10,1005950,140.69230769
2023-10-09,993579,139.11775413
2023-10-08,924403,129.30521751
2023-10-07,996807,139.31614256
2023-10-06,993544,138.9572028
2023-10-05,955796,133.65906866
2023-10-04,983598,137.45081051
2023-10-03,1002455,140.3212486
2023-10-02,1016845,141.83916864
2023-10-01,922694,128.88587792
2023-09-30,977771,136.56019553
2023-09-29,1024678,143.53242751
2023-09-28,1030538,144.43419762
2023-09-27,1056862,147.89560593
2023-09-26,1041222,145.70696893
2023-09-25,990751,138.60534415
2023-09-24,883746,123.77394958
2023-09-23,863503,120.90492859
2023-09-22,974991,136.80244142
2023-09-21,1131119,158.42002801
2023-09-20,1012663,141.63118881
2023-09-19,1002911,140.52276867
2023-09-18,979571,137.73495501
2023-09-17,879624,124.8933693
2023-09-16,922374,130.27881356
2023-09-15,1002709,141.40586659
2023-09-14,1071590,150.50421348
2023-09-13,1627860,228.27934371
2023-09-12,1092958,153.20409308
2023-09-11,1021616,143.02337953
2023-09-10,866548,121.3992715
2023-09-09,929400,130.22278268
2023-09-08,1014297,142.07830228
2023-09-07,1017089,142.21043065
2023-09-06,1058940,148.45646993
2023-09-05,994049,139.20305279
2023-09-04,952440,132.98519966
2023-09-03,1038128,145.2943317
2023-09-02,1024172,143.76361595
2023-09-01,1006635,140.9458135
2023-08-31,1010128,141.35572348
2023-08-30,1027316,143.92210703
2023-08-29,1019692,143.01430575
2023-08-28,995843,139.33720442
2023-08-27,907110,127.01064128
2023-08-26,990794,138.66955913
2023-08-25,1025742,143.56081176
2023-08-24,1055235,147.68859342
2023-08-23,1045220,146.02123498
2023-08-22,1040834,145.48979592
2023-08-21,1010718,141.47788354
2023-08-20,943440,132.09745169
2023-08-19,1041484,145.8048439
2023-08-18,1081417,151.43775382
2023-08-17,1065879,149.28277311
2023-08-16,1076026,150.45106264
2023-08-15,1056395,147.74755245
2023-08-14,1009971,141.21518456
2023-08-13,920802,128.65753807
2023-08-12,972839,136.13755947
2023-08-11,1050203,146.9226357
2023-08-10,1037733,145.21872376
2023-08-09,1076595,150.65701092
2023-08-08,1098689,153.81338373
2023-08-07,1047336,146.64463736
2023-08-06,987506,138.34491454
2023-08-05,1124372,157.14493361
2023-08-04,1075359,150.35780201
2023-08-03,1049539,146.89139258
2023-08-02,1042149,145.53121072
2023-08-01,1068108,149.15626309
2023-07-31,1048101,146.40326861
2023-07-30,981157,137.3400056
2023-07-29,991161,138.64330676
2023-07-28,1014601,142.02141657
2023-07-27,998420,139.71732438
2023-07-26,1029348,143.90437579
2023-07-25,990249,138.69033613
2023-07-24,1036300,144.95733669
2023-07-23,977305,136.72425853
2023-07-22,1004374,140.45224444
2023-07-21,1110882,155.58571429
2023-07-20,1049510,146.90789474
2023-07-19,1093783,153.4272689
2023-07-18,1175963,164.97797419
2023-07-17,1036419,145.21773855
2023-07-16,946750,133.28875123
2023-07-15,950700,134.66005666
2023-07-14,1110332,156.20877884
2023-07-13,1121269,157.83628941
2023-07-12,1041317,146.47868899
2023-07-11,1091428,153.41973573
2023-07-10,1057858,148.93115585
2023-07-09,954379,134.19277278
2023-07-08,1014086,142.56797413
2023-07-07,1038341,145.79345689
2023-07-06,914280,128.46424055
2023-07-05,760586,106.61424166
2023-07-04,931944,131.03824522
2023-07-03,1061564,149.26377953
2023-07-02,925771,129.84165498
2023-07-01,1015838,142.8745429
2023-06-30,1129184,158.50421112
2023-06-29,1064346,149.23527762
2023-06-28,1094481,153.20282755
2023-06-27,1067370,150.39735099
2023-06-26,996984,140.32146376
2023-06-25,934895,131.50865101
2023-06-24,1004563,141.28874824
2023-06-23,1054976,148.3583181
2023-06-22,1052333,147.9242339
2023-06-21,1091714,153.0082691
2023-06-20,1072045,150.56811798
2023-06-19,1046350,146.93863221
2023-06-18,1001818,140.58630368
2023-06-17,984217,137.80691683
2023-06-16,1146585,161.0372191
2023-06-15,1110065,156.19318981
2023-06-14,1023424,144.22547914
2023-06-13,952433,133.90032335
2023-06-12,975959,137.40095734
2023-06-11,1106073,155.89471459
2023-06-10,1204433,169.51907108
2023-06-09,1046976,147.46140845
2023-06-08,1008582,142.51547266
2023-06-07,1071257,151.11539004
2023-06-06,1095144,154.35433404
2023-06-05,1151611,162.79488267
2023-06-04,962454,135.74809591
2023-06-03,1003794,141.35952683
2023-06-02,1102996,155.57066291
2023-06-01,1071180,150.89167488
2023-05-31,1098149,154.64709196
2023-05-30,1190789,167.62232545
2023-05-29,1082245,152.1502882
2023-05-28,968996,135.90406732
2023-05-27,982620,137.89222565
2023-05-26,1059510,148.80758427
2023-05-25,1062757,149.47355837
2023-05-24,1054823,148.31594488
2023-05-23,1113165,156.91640823
2023-05-22,1075234,151.22841069
2023-05-21,1014742,143.02212826
2023-05-20,1049772,147.64725738
2023-05-19,1073998,151.60897798
2023-05-18,1054402,148.25674916
2023-05-17,1043585,147.54488901
2023-05-16,1072600,151.41163185
2023-05-15,1091921,154.16080757
2023-05-14,992354,140.7195122
2023-05-13,994500,140.46610169
2023-05-12,1070884,154.81914125
2023-05-11,1099638,156.15421755
2023-05-10,1086375,152.85985648
2023-05-09,1126707,158.42336895
2023-05-08,1145960,161.06254392
2023-05-07,1101487,154.87724972
2023-05-06,1145565,161.14291743
2023-05-05,1208548,169.52559966
2023-05-04,1110210,155.8626983
2023-05-03,1117146,157.34450704
2023-05-02,1127805,158.60005625
2023-05-01,1102060,155.02321002
2023-04-30,974972,136.87659694
2023-04-29,887098,124.71502882
2023-04-28,987649,138.69526752
2023-04-27,939262,132.10436006
2023-04-26,978121,137.28014035
2023-04-25,976311,137.06457953
2023-04-24,940804,131.9315664
2023-04-23,867666,121.67522087
2023-04-22,862010,120.78043996
2023-04-21,1009840,142.27106227
2023-04-20,1073576,152.77871069
2023-04-19,1085066,153.23626606
2023-04-18,1070108,151.40181098
2023-04-17,1011979,143.2383581
2023-04-16,854249,121.30772508
2023-04-15,1056292,150.46894587
2023-04-14,1166392,166.48472738
2023-04-13,1094764,168.21819299
2023-04-12,1021632,145.61459521
2023-04-11,1084502,153.59042629
2023-04-10,1016480,143.89580974
2023-04-09,956899,135.82668559
2023-04-08,924776,130.95100538
2023-04-07,1043552,147.85378294
2023-04-06,1036898,148.23416726
2023-04-05,1123693,159.57015053
2023-04-04,1068725,152.21834497
2023-04-03,1052294,148.67109353
2023-04-02,981226,138.22031272
2023-04-01,1020143,143.39935339
2023-03-31,1150727,161.52821449
2023-03-30,1187924,166.89013768
2023-03-29,1165012,163.78630676
2023-03-28,1149677,161.67585431
2023-03-27,1100122,154.62009838
2023-03-26,1011463,142.01951699
2023-03-25,1052415,147.76958719
2023-03-24,1084231,152.25825025
2023-03-23,1077305,151.64766329
2023-03-22,1073049,150.60336842
2023-03-21,1081542,152.00871398
2023-03-20,1123422,157.51850813
2023-03-19,992358,139.49367444
2023-03-18,1023641,143.74961382
2023-03-17,1068367,150.13589095
2023-03-16,1042763,146.47605001
2023-03-15,1076742,151.63244613
2023-03-14,1105574,155.32087665
2023-03-13,1173725,164.73333333
2023-03-12,974883,137.13363342
2023-03-11,1031282,144.96513916
2023-03-10,1065950,150.51539113
2023-03-09,1037747,145.89441867
2023-03-08,1011772,142.40281492
2023-03-07,1035152,145.46824058
2023-03-06,1037182,145.83548931
2023-03-05,940858,132.14297753
2023-03-04,971157,136.62872819
2023-03-03,1092189,153.85110579
2023-03-02,1088950,153.39484434
2023-03-01,1081357,151.91865693
2023-02-28,1044634,146.94528063
2023-02-27,1034112,144.97574653
2023-02-26,982721,138.04200028
2023-02-25,995229,139.93658605
2023-02-24,1095771,154.6606916
2023-02-23,1093537,153.62981174
2023-02-22,1080839,152.31665727
2023-02-21,1084290,152.39494027
2023-02-20,1059640,148.63795764
2023-02-19,1002399,140.84572151
2023-02-18,972865,136.8497679
2023-02-17,1066755,150.31069466
2023-02-16,1138195,159.01019838
2023-02-15,1160879,162.31529642
2023-02-14,1141796,159.73642977
2023-02-13,1054742,147.33091214
2023-02-12,953020,133.14054205
2023-02-11,961493,134.32425258
2023-02-10,1071635,149.50265067
2023-02-09,1082467,151.28819008
2023-02-08,1121215,157.05490965
2023-02-07,1142836,159.88192501
2023-02-06,1077149,150.2928701
2023-02-05,1069625,149.26388501
2023-02-04,1064597,148.76984349
2023-02-03,1072608,149.95218789
2023-02-02,1104114,154.6161602
2023-02-01,1064236,148.65707501
2023-01-31,1086364,151.66326958
2023-01-30,1074566,149.91155134
2023-01-29,998228,139.43679285
2023-01-28,964429,134.52768866
2023-01-27,1100192,153.80847197
2023-01-26,1048864,146.36673179
2023-01-25,1020705,142.59639564
2023-01-24,1032293,144.05428412
2023-01-23,947725,132.27145848
2023-01-22,889814,124.27569832
2023-01-21,994076,138.77928242
2023-01-20,1024504,142.92745536
2023-01-19,1007125,140.6599162
2023-01-18,1118225,156.06769016
2023-01-17,1018353,142.00990099
2023-01-16,1057284,147.66536313
2023-01-15,1000777,140.04715925
2023-01-14,1107804,154.50543933
2023-01-13,1076328,150.28316113
2023-01-12,1085563,151.69969257
2023-01-11,1083178,151.38756115
2023-01-10,1061055,148.06795981
2023-01-09,1093675,152.59871634
2023-01-08,1184114,165.26364271
2023-01-07,957607,133.6879799
2023-01-06,1028132,143.59385475
2023-01-05,1142818,159.76764994
2023-01-04,1046389,145.93988842
2023-01-03,948116,132.27064732
2023-01-02,920276,128.33300795
2023-01-01,742785,103.56734523
2022-12-31,865806,120.82137873
2022-12-30,944771,131.84077589
2022-12-29,945627,132.05236699
2022-12-28,977389,136.25944514
2022-12-27,1025274,143.27473449
2022-12-26,937653,130.92055292
2022-12-25,836424,116.68861607
2022-12-24,911507,127.19885571
2022-12-23,1044772,145.51142061
2022-12-22,989565,137.86082474
2022-12-21,1029079,143.6659221
2022-12-20,992470,138.45842634
2022-12-19,994746,138.85343384
2022-12-18,916817,128.01130969
2022-12-17,1040618,145.27683931
2022-12-16,1153272,161.07150838
2022-12-15,1080176,150.94689771
2022-12-14,1095120,152.88566243
2022-12-13,1151038,160.96182352
2022-12-12,1182001,165.17621576
2022-12-11,1068092,149.17486034
2022-12-10,1103199,153.97055129
2022-12-09,1932711,270.23364094
2022-12-08,923887,129.01647815
2022-12-07,972121,137.40226148
2022-12-06,1049066,146.31324965
2022-12-05,1008205,141.12611982
2022-12-04,962172,134.49426894
2022-12-03,963761,134.54711713
2022-12-02,1032952,144.12613367
2022-12-01,984139,137.39201452
2022-11-30,1026508,143.54747588
2022-11-29,1047387,146.44672819
2022-11-28,1087721,151.59874564
2022-11-27,881336,123.10881408
2022-11-26,934988,130.60315687
2022-11-25,999123,139.62031861
2022-11-24,990202,138.18057494
2022-11-23,972566,136.27098221
2022-11-22,962924,134.67468531
2022-11-21,963954,134.57406115
2022-11-20,927233,129.44757783
2022-11-19,911890,127.27006281
2022-11-18,1008485,140.86953485
2022-11-17,1103401,154.12781115
2022-11-16,1083796,151.57986014
2022-11-15,1136911,158.98629562
2022-11-14,1192824,166.43281708
2022-11-13,1133442,158.03708868
2022-11-12,1033438,144.17382813
2022-11-11,1118967,156.47699622
2022-11-10,1184632,165.42829214
2022-11-09,1219648,170.67562273
2022-11-08,1132048,157.99692952
2022-11-07,1106711,154.39606585
2022-11-06,962845,134.32547433
2022-11-05,952067,133.02598854
2022-11-04,1014135,141.48088728
2022-11-03,1093977,152.89685535
2022-11-02,1015945,141.97107323
2022-11-01,1071986,150.20120499
2022-10-31,1063248,148.47758693
2022-10-30,1033475,144.17898996
2022-10-29,1038800,145.28671329
2022-10-28,1059633,148.15897651
2022-10-27,1111785,155.23387322
2022-10-26,1104723,154.16173598
2022-10-25,1048003,146.53285794
2022-10-24,1039240,145.96067416
2022-10-23,1009771,140.97040346
2022-10-22,959417,133.88459392
2022-10-21,1116822,155.87187718
2022-10-20,1155589,161.2824843
2022-10-19,1088602,152.16689964
2022-10-18,1062562,148.23688616
2022-10-17,1073063,149.99482807
2022-10-16,980678,137.02361325
2022-10-15,1037870,144.81233431
2022-10-14,1071895,149.66419994
2022-10-13,1124129,157.06706721
2022-10-12,1074204,149.94472362
2022-10-11,1130309,157.77624232
2022-10-10,1123390,156.78855548
2022-10-09,1068531,149.19449874
2022-10-08,1180084,164.60929
2022-10-07,1180358,165.17744193
2022-10-06,1202667,168.04065949
2022-10-05,1169356,163.59205372
2022-10-04,1185269,166.19026921
2022-10-03,1307142,182.63825625
2022-10-02,1163876,162.21268293
2022-10-01,1158038,162.25837186
2022-09-30,1225886,171.16531695
2022-09-29,1129558,157.89180878
2022-09-28,1109706,154.94359118
2022-09-27,1214294,170.0453718
2022-09-26,1141218,159.65556799
2022-09-25,1107217,154.46665737
2022-09-24,1109206,154.74414063
2022-09-23,1119895,156.25715083
2022-09-22,1118297,156.36143736
2022-09-21,1100130,155.95832152
2022-09-20,1149031,160.97380219
2022-09-19,1138210,159.74877193
2022-09-18,1156893,162.25708275
2022-09-17,1322077,185.42454418
2022-09-16,1311849,184.97588832
2022-09-15,1265640,188.14330311
2022-09-14,1109172,187.7089186
2022-09-13,1093205,180.27786939
2022-09-12,1068969,176.7767488
2022-09-11,1024482,168.8892186
2022-09-10,998158,165.1485771
2022-09-09,1093966,180.37361913
2022-09-08,1078689,171.43817546
2022-09-07,1068296,171.8070119
2022-09-06,1076929,172.06087234
2022-09-05,1091350,176.85140172
2022-09-04,1113119,177.55925985
2022-09-03,1035586,167.03
2022-09-02,1083220,172.13093914
2022-09-01,1085160,173.29287767
2022-08-31,1035135,165.6216
2022-08-30,1051964,169.37111576
2022-08-29,1083202,171.20309783
2022-08-28,1025044,164.29620131
2022-08-27,1047949,168.04826812
2022-08-26,1057768,169.59563893
2022-08-25,1074563,173.03752013
2022-08-24,1043820,166.85102302
2022-08-23,1075718,169.32441366
2022-08-22,1059940,169.21136654
2022-08-21,1077250,169.29907276
2022-08-20,1096088,172.53077286
2022-08-19,1093309,174.7616688
2022-08-18,1117868,176.20870113
2022-08-17,1099261,174.84666773
2022-08-16,1086312,170.24165491
2022-08-15,1104408,176.14162679
2022-08-14,1102367,174.48037354
2022-08-13,1106236,173.39122257
2022-08-12,1130848,178.28283147
2022-08-11,1098707,174.01124485
2022-08-10,1160380,182.02039216
2022-08-09,1125139,177.32687155
2022-08-08,1167115,181.7087031
2022-08-07,1166932,180.91968992
2022-08-06,1148225,179.83163665
2022-08-05,1207188,185.40746429
2022-08-04,1459603,228.45562686
2022-08-03,1250888,196.83524784
2022-08-02,1206185,187.12147068
2022-08-01,1342202,208.38410185
2022-07-31,1158621,180.94971107
2022-07-30,1179749,183.73290765
2022-07-29,1192330,185.63443874
2022-07-28,1158611,179.96442995
2022-07-27,1197448,186.14145811
2022-07-26,1679068,263.17680251
2022-07-25,1275861,199.50914777
2022-07-24,1122303,175.33244805
2022-07-23,1144468,177.27199504
2022-07-22,1201699,185.79143476
2022-07-21,1204397,186.03599011
2022-07-20,1191452,184.92193078
2022-07-19,1175526,181.52038295
2022-07-18,1213565,187.97475217
2022-07-17,1245545,193.82897603
2022-07-16,1241502,192.54063275
2022-07-15,1217596,189.1852082
2022-07-14,1189567,181.89097859
2022-07-13,1174882,183.23175296
2022-07-12,1135896,174.45799416
2022-07-11,1146369,176.7996607
2022-07-10,1148902,176.89022325
2022-07-09,1170747,182.52993452
2022-07-08,1192819,182.02640012
2022-07-07,1194330,186.06169185
2022-07-06,1161432,179.23333333
2022-07-05,1182504,182.5697082
2022-07-04,1151999,179.02082362
2022-07-03,1157052,176.91926606
2022-07-02,1189382,183.3202836
2022-07-01,1178620,182.59024012
2022-06-30,1054433,187.35483298
2022-06-29,1005566,188.59077269
2022-06-28,976577,183.84356175
2022-06-27,994102,183.71872112
2022-06-26,919721,173.20546139
2022-06-25,939290,175.66672901
2022-06-24,1019472,189.98732762
2022-06-23,967965,182.32529667
2022-06-22,988683,184.6280112
2022-06-21,1012862,185.33613907
2022-06-20,1042748,177.6099472
2022-06-19,1018674,178.37051305
2022-06-18,1058336,181.96973865
2022-06-17,1110579,189.19574106
2022-06-16,1100312,189.05704467
2022-06-15,1097000,190.7826087
2022-06-14,1086757,189.0998782
2022-06-13,1109435,190.13453299
2022-06-12,1021635,174.96746018
2022-06-11,1031618,175.86396181
2022-06-10,1079448,183.05036459
2022-06-09,1022462,176.04373278
2022-06-08,1042749,177.24783274
2022-06-07,1050984,176.42840356
2022-06-06,1044319,180.24145668
2022-06-05,1007109,169.57551776
2022-06-04,1029121,174.48643608
2022-06-03,1067485,173.999185
2022-06-02,1092776,177.42750447
2022-06-01,1091283,178.34335676
2022-05-31,1149142,186.97396681
2022-05-30,1070320,175.57742782
2022-05-29,1065407,173.03995452
2022-05-28,1069802,173.50016218
2022-05-27,1093469,175.85541975
2022-05-26,1071180,175.8338805
2022-05-25,1094639,177.55701541
2022-05-24,1100715,181.21748436
2022-05-23,1085863,174.60411642
2022-05-22,1055644,172.43449853
2022-05-21,1094539,177.6849026
2022-05-20,1112811,180.82726682
2022-05-19,1093367,178.88857984
2022-05-18,1177913,188.58677554
2022-05-17,1135718,180.70294352
2022-05-16,1124352,178.80916031
2022-05-15,1089441,173.22960725
2022-05-14,1139785,182.74571108
2022-05-13,1342405,210.83791425
2022-05-12,1327755,214.56932773
2022-05-11,1210708,191.02366677
2022-05-10,1202934,193.77158505
2022-05-09,1158340,186.97982244
2022-05-08,1087198,171.67187747
2022-05-07,1051489,168.02317034
2022-05-06,1116562,177.09151467
2022-05-05,1187804,188.69007149
2022-05-04,1102254,176.13518696
2022-05-03,1077506,170.03408553
2022-05-02,1112065,174.90798993
2022-05-01,1154787,180.97273155
2022-04-30,1211671,190.87444865
2022-04-29,1168081,183.19965496
2022-04-28,1155514,182.02804033
2022-04-27,1161504,182.02538787
2022-04-26,1125250,178.04588608
2022-04-25,1149227,181.20892463
2022-04-24,1071778,168.17479994
2022-04-23,1051478,165.0412808
2022-04-22,1144822,178.48799501
2022-04-21,1119925,178.04848967
2022-04-20,1241534,193.26494396
2022-04-19,1214496,189.49851771
2022-04-18,1103439,173.76992126
2022-04-17,1043251,162.22220494
2022-04-16,1059286,165.41005621
2022-04-15,1110994,173.02507398
2022-04-14,1117285,174.35783396
2022-04-13,1067983,169.19882763
2022-04-12,1112524,172.5913745
2022-04-11,1113264,172.67938576
2022-04-10,1104239,172.510389
2022-04-09,1085399,168.82858921
2022-04-08,1104419,174.25355002
2022-04-07,1127793,175.61398318
2022-04-06,1127174,175.6269866
2022-04-05,1087129,168.91376631
2022-04-04,1105170,174.78570299
2022-04-03,1060779,165.07609711
2022-04-02,1094668,172.19883593
2022-04-01,1159493,180.2974654
2022-03-31,1167121,181.96460867
2022-03-30,1152200,180.20018768
2022-03-29,1199899,185.97318661
2022-03-28,1218023,188.46093146
2022-03-27,1122675,175.55512119
2022-03-26,1123878,175.41407835
2022-03-25,1146814,178.52023661
2022-03-24,1151969,179.32269614
2022-03-23,1164437,180.81319876
2022-03-22,1220571,189.35324232
2022-03-21,1162829,181.49352271
2022-03-20,1119066,174.14659197
2022-03-19,1127607,174.84989921
2022-03-18,1265944,197.24898722
2022-03-17,1174532,182.77808901
2022-03-16,1236011,193.39868565
2022-03-15,1190207,185.82466823
2022-03-14,1097913,170.00820688
2022-03-13,1041827,164.66366366
2022-03-12,1120627,172.16577047
2022-03-11,1119334,176.80208498
2022-03-10,1229591,189.75169753
2022-03-09,1178322,181.05746773
2022-03-08,1195626,187.05037547
2022-03-07,1174568,182.21656841
2022-03-06,1123245,174.93303224
2022-03-05,1077981,169.06853827
2022-03-04,1167450,179.71828818
2022-03-03,1167187,180.93117346
2022-03-02,1191369,186.03513429
2022-03-01,1161564,178.83972286
2022-02-28,1108112,172.49564134
2022-02-27,1125065,173.40705919
2022-02-26,1167802,180.77430341
2022-02-25,1137898,176.96702955
2022-02-24,1181182,182.14063223
2022-02-23,1147632,176.91259442
2022-02-22,1129213,174.71963484
2022-02-21,1134349,176.30540877
2022-02-20,1343869,206.17812212
2022-02-19,1150162,179.51646636
2022-02-18,1252754,195.19382985
2022-02-17,1141997,176.34295862
2022-02-16,1194693,186.37956318
2022-02-15,1192633,182.91917178
2022-02-14,1147522,177.88280887
2022-02-13,1115296,172.37959815
2022-02-12,1114648,172.25282028
2022-02-11,1183966,181.5898773
2022-02-10,1205676,187.2749301
2022-02-09,1205889,186.18017601
2022-02-08,1180780,183.63608087
2022-02-07,1163338,180.05540938
2022-02-06,1173884,179.52041597
2022-02-05,1235023,193.36511664
2022-02-04,1168994,178.3090299
2022-02-03,1111215,173.00560486
2022-02-02,1152665,178.59699411
2022-02-01,1173199,180.46439009
2022-01-31,1177345,182.19514082
2022-01-30,1183850,181.04450222
2022-01-29,1147157,177.5509983
2022-01-28,1137559,175.76622373
2022-01-27,1133684,174.57406837
2022-01-26,1146116,178.32830247
2022-01-25,1177640,182.29721362
2022-01-24,1147109,177.87393394
2022-01-23,1077884,166.95848823
2022-01-22,1204920,183.78889567
2022-01-21,1189898,186.12513687
2022-01-20,1190018,183.39004469
2022-01-19,1223143,188.96076008
2022-01-18,1169526,180.98514392
2022-01-17,1198719,185.33070501
2022-01-16,1162954,178.80596556
2022-01-15,1174849,181.13613938
2022-01-14,1218460,189.23124709
2022-01-13,1282921,199.2732215
2022-01-12,1283346,198.75267152
2022-01-11,1277649,195.74827639
2022-01-10,1233195,192.02662722
2022-01-09,1108322,170.38001537
2022-01-08,1183873,181.4364751
2022-01-07,1188490,185.03658726
2022-01-06,1212495,189.68945557
2022-01-05,1249628,193.44086687
2022-01-04,1221316,188.0683708
2022-01-03,1209173,187.14951246
2022-01-02,1158900,178.4295612
2022-01-01,1180989,181.52305564
2021-12-31,1214585,190.40366829
2021-12-30,1255688,195.22512438
2021-12-29,1252468,192.12578616
2021-12-28,1241032,192.64700404
2021-12-27,1252037,193.30507951
2021-12-26,1206942,186.63089531
2021-12-25,1299519,201.16393189
2021-12-24,1298329,200.73113791
2021-12-23,1245242,194.11410756
2021-12-22,1233315,191.92577031
2021-12-21,1203638,186.842285
2021-12-20,1201239,183.53537051
2021-12-19,1137581,176.28715326
2021-12-18,1159873,178.22264905
2021-12-17,1270355,196.40615337
2021-12-16,1155456,180.62466781
2021-12-15,1258462,194.26705773
2021-12-14,1214900,190.09544672
2021-12-13,1242978,191.64014801
2021-12-12,1181898,181.18933006
2021-12-11,1199384,184.86189889
2021-12-10,1237735,192.58363155
2021-12-09,1251338,199.19420567
2021-12-08,1296307,208.24208835
2021-12-07,1224771,195.46297478
2021-12-06,1244773,198.43344492
2021-12-05,1386491,222.62219011
2021-12-04,1235697,200.04808159
2021-12-03,1211488,192.48299968
2021-12-02,1265286,202.57540826
2021-12-01,1221643,195.8702902
2021-11-30,1280926,204.65345902
2021-11-29,1247688,201.01304978
2021-11-28,1135653,181.530211
2021-11-27,1213284,189.99123082
2021-11-26,1297524,208.67224188
2021-11-25,1301578,206.50134856
2021-11-24,1342491,212.95859772
2021-11-23,1264994,199.55734343
2021-11-22,1221508,191.84985079
2021-11-21,1260939,200.56290759
2021-11-20,1160128,184.29356632
2021-11-19,1255788,201.50641849
2021-11-18,1284250,201.54582549
2021-11-17,1353219,211.7713615
2021-11-16,1310153,209.49040614
2021-11-15,1289636,204.08862162
2021-11-14,1275744,201.06288416
2021-11-13,1300464,205.57445463
2021-11-12,1345131,209.48933188
2021-11-11,1347643,211.4613212
2021-11-10,1390746,217.91695393
2021-11-09,1334145,209.37617702
2021-11-08,1329018,209.42609518
2021-11-07,1276998,197.92281463
2021-11-06,1255921,198.12604512
2021-11-05,1339661,207.82826559
2021-11-04,1352186,215.24769182
2021-11-03,1417221,221.96100235
2021-11-02,1395656,221.25174382
2021-11-01,1341733,208.89506461
2021-10-31,1304184,206.45622922
2021-10-30,1379095,217.35145784
2021-10-29,1456333,228.69550879
2021-10-28,1510502,235.72128589
2021-10-27,1370504,215.99747833
2021-10-26,1344772,209.6619894
2021-10-25,1299495,202.47662823
2021-10-24,1261312,198.35068407
2021-10-23,1235169,194.57608696
2021-10-22,1256044,195.92013726
2021-10-21,1277275,196.89764144
2021-10-20,1259885,198.28218445
2021-10-19,1243503,193.09052795
2021-10-18,1197673,189.62523749
2021-10-17,1144184,179.19874706
2021-10-16,1181031,183.21920571
2021-10-15,1302993,206.23504274
2021-10-14,1227097,193.85418641
2021-10-13,1189854,188.26803797
2021-10-12,1203566,189.44844955
2021-10-11,1183486,185.44124099
2021-10-10,1137901,178.49427451
2021-10-09,1191856,187.72342101
2021-10-08,1287034,200.56630824
2021-10-07,1344295,212.57036686
2021-10-06,1337833,208.15823868
2021-10-05,1235674,192.74278584
2021-10-04,1121513,176.17232171
2021-10-03,1130224,177.62439101
2021-10-02,1117899,174.99984346
2021-10-01,1207263,186.16237471
2021-09-30,1116157,176.1055538
2021-09-29,1135869,177.14737991
2021-09-28,1108122,174.28782636
2021-09-27,1133903,175.68995971
2021-09-26,1088537,170.03077163
2021-09-25,1121078,170.55804047
2021-09-24,1152685,178.57242448
2021-09-23,1193053,186.09468102
2021-09-22,1174030,182.38775827
2021-09-21,1193295,183.69689039
2021-09-20,1174559,182.61178483
2021-09-19,1128226,173.35986478
2021-09-18,1143196,177.21221516
2021-09-17,1187578,183.63661667
2021-09-16,1224358,188.59488601
2021-09-15,1207590,187.10722033
2021-09-14,1231240,190.56492803
2021-09-13,1267491,197.67482845
2021-09-12,1211328,185.27500765
2021-09-11,1249438,195.34677924
2021-09-10,1244706,192.70877845
2021-09-09,1219850,188.65604702
2021-09-08,1178449,181.43941493
2021-09-07,1308071,203.84463145
2021-09-06,1206493,186.79253754
2021-09-05,1136467,174.06448154
2021-09-04,1189085,184.95644735
2021-09-03,1198777,185.39699969
2021-09-02,1261258,192.8234215
2021-09-01,1225104,189.79147947
2021-08-31,1206314,187.22862021
2021-08-30,1198993,185.25849815
2021-08-29,1147150,176.78378795
2021-08-28,1131721,175.18900929
2021-08-27,1119072,174.01212875
2021-08-26,1175063,180.66774293
2021-08-25,1184780,184.00062121
2021-08-24,1247051,191.58872331
2021-08-23,1245624,194.35543767
2021-08-22,1183893,181.55083576
2021-08-21,1186758,184.53708599
2021-08-20,1260054,195.08499768
2021-08-19,1255453,191.23427266
2021-08-18,1201544,187.77058915
2021-08-17,1252163,192.16743401
2021-08-16,1253968,192.91815385
2021-08-15,1125295,175.27959502
2021-08-14,1159942,178.45261538
2021-08-13,1197050,184.90114303
2021-08-12,1195283,183.60721966
2021-08-11,1234409,192.84627402
2021-08-10,1212289,186.30536345
2021-08-09,1218594,187.33189854
2021-08-08,1184278,182.30880542
2021-08-07,1198433,182.99480837
2021-08-06,1212021,187.8811037
2021-08-05,1159663,182.65285872
2021-08-04,1223841,193.58446694
2021-08-03,1219663,192.19398046
2021-08-02,1269470,198.47873671
2021-08-01,1190618,188.56794425
2021-07-31,1212322,192.49317244
2021-07-30,1242337,198.23472156
2021-07-29,1259128,198.10069226
2021-07-28,1300283,206.68939755
2021-07-27,1318124,209.99267166
2021-07-26,1260619,198.89854844
2021-07-25,1128848,176.35494454
2021-07-24,1225509,189.79541583
2021-07-23,1203397,189.63079105
2021-07-22,1202844,187.30052943
2021-07-21,1195171,186.33785469
2021-07-20,1192750,188.16059315
2021-07-19,1195218,185.73706294
2021-07-18,1168843,183.46303563
2021-07-17,1164624,183.20339783
2021-07-16,1199018,189.14939265
2021-07-15,1259972,196.04356621
2021-07-14,1223130,191.41314554
2021-07-13,1183412,187.63469161
2021-07-12,1191465,186.83785479
2021-07-11,1101766,171.53448544
2021-07-10,1139265,176.71242438
2021-07-09,1223691,191.02263503
2021-07-08,1262627,195.75612403
2021-07-07,1290979,202.03114241
2021-07-06,1355421,210.96046693
2021-07-05,1147895,178.82769902
2021-07-04,1105343,171.15871787
2021-07-03,1122543,174.93267882
2021-07-02,1181574,183.55973279
2021-07-01,1211710,190.82047244
2021-06-30,1212214,187.79457785
2021-06-29,1264320,197.36497034
2021-06-28,1404100,217.15125271
2021-06-27,1104703,171.32490695
2021-06-26,1150460,179.00420103
2021-06-25,1227331,193.52428256
2021-06-24,1207012,188.06668744
2021-06-23,1201974,186.96126925
2021-06-22,1297644,201.59142458
2021-06-21,1209567,191.50839139
2021-06-20,1057288,163.43917143
2021-06-19,1050189,163.42810458
2021-06-18,1170182,182.69820453
2021-06-17,1218956,188.34301607
2021-06-16,1201109,187.70260978
2021-06-15,1224101,188.17847809
2021-06-14,1188556,184.81666926
2021-06-13,1124736,173.75807199
2021-06-12,1131777,175.90565744
2021-06-11,1183286,183.34149365
2021-06-10,1188556,183.93005262
2021-06-09,1194275,185.53285692
2021-06-08,1221063,188.5811583
2021-06-07,1225549,190.56896284
2021-06-06,1134526,173.68738518
2021-06-05,1176676,182.88405347
2021-06-04,1301803,199.69366467
2021-06-03,1337711,208.88678951
2021-06-02,1314178,201.99477405
2021-06-01,1274354,196.72028404
2021-05-31,1297889,202.06897089
2021-05-30,1280282,199.51410316
2021-05-29,1293425,200.00386578
2021-05-28,1305078,201.93068235
2021-05-27,1291385,200.99377432
2021-05-26,1326432,206.25594775
2021-05-25,1289446,201.35009369
2021-05-24,1312739,202.3645753
2021-05-23,1264253,195.88673691
2021-05-22,1283663,198.64794181
2021-05-21,1367394,213.32199688
2021-05-20,1459146,225.76914745
2021-05-19,1461174,227.49089211
2021-05-18,1425053,220.49404301
2021-05-17,1446627,225.36641221
2021-05-16,1425115,220.67435739
2021-05-15,1472680,227.47605808
2021-05-14,1531689,236.48124132
2021-05-13,1588560,242.97338636
2021-05-12,1624077,252.22503494
2021-05-11,1716051,266.17822243
2021-05-10,1716489,263.3863741
2021-05-09,1716600,264.9891942
2021-05-08,1710882,263.78075856
2021-05-07,1527890,236.99239957
2021-05-06,1532197,236.9621095
2021-05-05,1518877,233.0280761
2021-05-04,1536119,236.18065806
2021-05-03,1488804,228.80036883
2021-05-02,1417458,220.85665316
2021-05-01,1427568,219.99815072
2021-04-30,1441230,223.41187413
2021-04-29,1530717,236.07603331
2021-04-28,1517604,234.81417298
2021-04-27,1448293,223.226418
2021-04-26,1448466,223.83959203
2021-04-25,1389350,213.45060685
2021-04-24,1389103,213.70815385
2021-04-23,1537100,238.31007752
2021-04-22,1577266,245.79491974
2021-04-21,1565355,240.12195122
2021-04-20,1555560,236.40729483
2021-04-19,1476842,230.7565625
2021-04-18,1396766,214.85402246
2021-04-17,1453000,224.67914025
2021-04-16,1426977,221.82138971
2021-04-15,1197340,184.20615385
2021-04-14,1386341,214.96991782
2021-04-13,1350467,208.59854804
2021-04-12,1347983,206.87277471
2021-04-11,1256904,192.01099908
2021-04-10,1315016,199.78972957
2021-04-09,1300882,201.46848382
2021-04-08,1284449,198.98512781
2021-04-07,1312638,200.80128499
2021-04-06,1335799,206.04642912
2021-04-05,1296946,199.22365591
2021-04-04,1197875,182.57506478
2021-04-03,1293333,198.15121802
2021-04-02,1358619,210.50805702
2021-04-01,1368006,209.94567219
2021-03-31,1354603,209.95086795
2021-03-30,1300973,199.59696226
2021-03-29,1269901,195.03931808
2021-03-28,1211918,186.64993069
2021-03-27,1230764,189.78627602
2021-03-26,1265836,193.58250497
2021-03-25,1349663,207.19419711
2021-03-24,1309468,201.95373226
2021-03-23,1298959,199.68624135
2021-03-22,1307460,201.45762712
2021-03-21,1206064,187.83117894
2021-03-20,1262309,193.39803892
2021-03-19,1291231,198.4677221
2021-03-18,1299760,199.9323181
2021-03-17,1272298,196.22115978
2021-03-16,1308992,200.76564417
2021-03-15,1321388,205.28009943
2021-03-14,1277890,195.93529592
2021-03-13,1293352,198.61056511
2021-03-12,1325679,204.89629057
2021-03-11,1284767,200.27544817
2021-03-10,1256065,192.29409063
2021-03-09,1275347,198.25073838
2021-03-08,1216417,187.14107692
2021-03-07,1180104,182.19916628
2021-03-06,1160519,176.8275179
2021-03-05,1208640,185.23218391
2021-03-04,1234903,189.54765925
2021-03-03,1235048,192.73533084
2021-03-02,1240182,189.34076336
2021-03-01,1185925,183.12615812
2021-02-28,1179859,182.4430184
2021-02-27,1202432,185.30312837
2021-02-26,1236241,188.96988688
2021-02-25,1232758,189.21841903
2021-02-24,1285208,198.67181945
2021-02-23,1302882,200.3817287
2021-02-22,1312178,201.99784483
2021-02-21,1233518,190.21094834
2021-02-20,1337507,205.9287144
2021-02-19,1323618,201.24950585
2021-02-18,1298425,201.39987591
2021-02-17,1258503,192.1672011
2021-02-16,1217916,187.80508867
2021-02-15,1210500,186.34544335
2021-02-14,1206665,183.97087971
2021-02-13,1252364,194.98116145
2021-02-12,1290300,197.77743716
2021-02-11,1270521,194.95488722
2021-02-10,1320357,202.26056985
2021-02-09,1327544,204.70994603
2021-02-08,1275739,197.23855906
2021-02-07,1230638,187.76899603
2021-02-06,1227828,188.34606535
2021-02-05,1316904,204.26617031
2021-02-04,1309863,201.02255985
2021-02-03,1314906,202.79241209
2021-02-02,1302891,200.62996612
2021-02-01,1300451,200.40853753
2021-01-31,1244924,187.57330119
2021-01-30,1218241,190.64804382
2021-01-29,1293963,200.52115295
2021-01-28,1190834,183.26161896
2021-01-27,1140980,176.40383426
2021-01-26,1194595,183.38885477
2021-01-25,1207263,185.0495095
2021-01-24,1117744,172.4647431
2021-01-23,1140666,174.38709677
2021-01-22,1182794,182.50177442
2021-01-21,1178190,181.87557888
2021-01-20,1213930,184.54393433
2021-01-19,1252236,191.67855503
2021-01-18,1217953,187.49276478
2021-01-17,1133096,174.48352325
2021-01-16,1193339,183.36493546
2021-01-15,1227187,186.47424404
2021-01-14,1184604,184.92101155
2021-01-13,1126532,171.70126505
2021-01-12,1165508,177.8044241
2021-01-11,1280285,196.12208946
2021-01-10,1210603,184.71208422
2021-01-09,1231759,190.20367511
2021-01-08,1288953,195.50326103
2021-01-07,1298568,201.76631448
2021-01-06,1280434,197.44548959
2021-01-05,1258441,192.65783833
2021-01-04,1275169,195.66809882
2021-01-03,1234419,190.61442248
2021-01-02,1170839,177.37297379
2021-01-01,1136712,173.67639419
2020-12-31,1163876,179.00276838
2020-12-30,1227653,187.59978606
2020-12-29,1206703,188.25319813
2020-12-28,1256783,190.50826133
2020-12-27,1177372,180.91149355
2020-12-26,1139562,173.10679022
2020-12-25,1140417,177.22097902
2020-12-24,1142743,176.62179289
2020-12-23,1254308,190.1330908
2020-12-22,1147101,176.42279299
2020-12-21,1146949,176.3451722
2020-12-20,1074305,164.21660043
2020-12-19,1162872,178.51888241
2020-12-18,1193950,183.93930057
2020-12-17,1342281,205.24174312
2020-12-16,1261767,193.07834736
2020-12-15,1215285,187.283865
2020-12-14,1241593,190.31161864
2020-12-13,1142703,176.15276707
2020-12-12,1092064,168.24279772
2020-12-11,1122160,173.01264261
2020-12-10,1092429,170.02785992
2020-12-09,1150822,174.28774799
2020-12-08,1149816,177.33127699
2020-12-07,1102501,170.53379737
2020-12-06,1034515,157.74855139
2020-12-05,1055722,162.54380293
2020-12-04,1134337,175.89347186
2020-12-03,1114178,169.87010215
2020-12-02,1071389,166.33892253
2020-12-01,1172361,179.83755177
2020-11-30,1183915,180.20015221
2020-11-29,993930,152.63052826
2020-11-28,992335,150.37657221
2020-11-27,1102889,171.86987689
2020-11-26,1173330,179.60048982
2020-11-25,1205924,186.41582934
2020-11-24,1240072,188.8338663
2020-11-23,1213632,188.13083243
2020-11-22,1148006,176.37210017
2020-11-21,1172183,178.52314956
2020-11-20,1162871,180.23419095
2020-11-19,1122748,169.8816765
2020-11-18,1120798,173.60563817
2020-11-17,1173012,179.77195402
2020-11-16,1105512,170.70907968
2020-11-15,1037428,158.48273755
2020-11-14,1067063,163.10959951
2020-11-13,1156377,176.97842057
2020-11-12,1099253,168.80420762
2020-11-11,1096582,167.98131127
2020-11-10,1157455,179.39476131
2020-11-09,1147695,176.37851544
2020-11-08,1016465,155.47032732
2020-11-07,1131722,174.11107692
2020-11-06,1171971,179.22786359
2020-11-05,1128431,173.2316549
2020-11-04,1137324,174.24911904
2020-11-03,1119359,171.73350721
2020-11-02,1156870,178.69477912
2020-11-01,1050753,161.38120104
2020-10-31,1089587,166.96092553
2020-10-30,1111013,171.16207056
2020-10-29,1107849,169.75927061
2020-10-28,1139608,173.95939551
2020-10-27,1078466,164.77708174
2020-10-26,1086139,167.97695639
2020-10-25,965206,148.97453311
2020-10-24,1012156,153.77635977
2020-10-23,1132837,174.98254557
2020-10-22,1189043,181.86647293
2020-10-21,1159354,178.00614156
2020-10-20,1105678,169.9735588
2020-10-19,1128930,171.20564149
2020-10-18,995711,154.37379845
2020-10-17,1051772,161.14171901
2020-10-16,1161135,178.74615148
2020-10-15,1249576,190.33907083
2020-10-14,1093927,167.31829306
2020-10-13,1127396,171.49315485
2020-10-12,1092162,169.14387486
2020-10-11,1004701,152.94580606
2020-10-10,1036351,159.21815947
2020-10-09,1049571,164.5611477
2020-10-08,1019446,161.79114426
2020-10-07,1035384,163.38709168
2020-10-06,1083502,167.41378245
2020-10-05,1027690,159.43065467
2020-10-04,985452,154.62921701
2020-10-03,956528,150.04360784
2020-10-02,1002138,157.54409684
2020-10-01,1018741,158.55891051
2020-09-30,1079040,168.49469082
2020-09-29,1088234,170.38265226
2020-09-28,1080187,168.67379763
2020-09-27,966479,151.77119975
2020-09-26,984559,153.21490819
2020-09-25,1034790,160.38282703
2020-09-24,1087537,166.97942576
2020-09-23,1084100,166.09468362
2020-09-22,1081497,167.96039758
2020-09-21,1133662,172.6301203
2020-09-20,1095309,166.13210981
2020-09-19,1090001,167.02436408
2020-09-18,1244808,193.44335664
2020-09-17,1406016,213.35599393
2020-09-16,1035013,160.36767896
2020-09-15,1089837,166.36192948
2020-09-14,1079688,167.18612574
2020-09-13,1042047,159.21268144
2020-09-12,1034584,159.1422858
2020-09-11,1074413,163.50829402
2020-09-10,1120964,172.19109063
2020-09-09,1052603,162.18844376
2020-09-08,1026700,157.39690327
2020-09-07,1051480,162.51622875
2020-09-06,1026667,155.2967781
2020-09-05,1040906,159.11128095
2020-09-04,1141207,172.72695626
2020-09-03,1149636,177.87962247
2020-09-02,1181212,181.97689108
2020-09-01,1245701,190.73664064
2020-08-31,1235856,187.47815534
2020-08-30,1142415,174.92191089
2020-08-29,1130992,173.78488015
2020-08-28,1131912,173.26067657
2020-08-27,1136576,174.93858704
2020-08-26,1166218,177.53356675
2020-08-25,1138199,177.15159533
2020-08-24,1162182,178.35819521
2020-08-23,1122524,170.67416755
2020-08-22,1102479,170.76812268
2020-08-21,1256752,193.64437596
2020-08-20,1182994,181.05203551
2020-08-19,1216891,187.01260181
2020-08-18,1229256,187.35802469
2020-08-17,1181976,184.74148171
2020-08-16,1152369,177.15126826
2020-08-15,1107833,171.09389961
2020-08-14,1201546,184.7395449
2020-08-13,1209139,186.62432474
2020-08-12,1229214,188.90640848
2020-08-11,1254244,193.9152752
2020-08-10,1289980,199.00956495
2020-08-09,1229151,188.23139357
2020-08-08,1182406,183.12002478
2020-08-07,1249695,192.76492365
2020-08-06,1215885,186.6285495
2020-08-05,1182699,183.16540189
2020-08-04,1164208,181.76549571
2020-08-03,1176793,181.71602841
2020-08-02,1125886,173.5871107
2020-08-01,1171566,179.77075341
2020-07-31,1218838,188.12131502
2020-07-30,1164479,182.3487316
2020-07-29,1163851,178.72404791
2020-07-28,1222353,188.75123533
2020-07-27,1261456,195.75667287
2020-07-26,1137893,175.38424784
2020-07-25,1175506,184.97340677
2020-07-24,1146282,176.29683174
2020-07-23,1147143,175.88822447
2020-07-22,1138040,176.16718266
2020-07-21,1120095,175.56347962
2020-07-20,1143700,177.70354257
2020-07-19,1082448,167.79538056
2020-07-18,1071509,164.19077536
2020-07-17,1078101,167.04384878
2020-07-16,1068620,166.60742127
2020-07-15,1111360,171.90409899
2020-07-14,1098661,171.50499532
2020-07-13,1151834,177.39627291
2020-07-12,997960,153.74518564
2020-07-11,982930,150.45614572
2020-07-10,1034806,161.53699657
2020-07-09,1070343,166.46080871
2020-07-08,1092210,167.87734399
2020-07-07,1064506,163.9719655
2020-07-06,1020012,157.96995509
2020-07-05,880075,135.52125038
2020-07-04,946287,147.23619107
2020-07-03,1022098,157.85297297
2020-07-02,1039119,161.30378764
2020-07-01,1044438,162.964269
2020-06-30,1111318,171.52616144
2020-06-29,1056189,165.21022994
2020-06-28,997731,152.97930083
2020-06-27,1017138,159.8017282
2020-06-26,1017505,157.80164392
2020-06-25,1041742,161.5103876
2020-06-24,1070862,165.18000925
2020-06-23,1119442,173.77243092
2020-06-22,1092083,169.18404338
2020-06-21,987058,151.73835511
2020-06-20,941415,145.66223116
2020-06-19,945942,145.46240197
2020-06-18,913845,141.68139535
2020-06-17,879736,137.1159601
2020-06-16,904928,140.62595183
2020-06-15,912281,141.17626122
2020-06-14,785017,120.29068342
2020-06-13,833267,128.43202836
2020-06-12,889318,136.69197664
2020-06-11,925331,143.28445339
2020-06-10,939890,147.50313873
2020-06-09,923075,142.44984568
2020-06-08,966206,150.71065356
2020-06-07,943786,145.96133622
2020-06-06,946196,147.03900544
2020-06-05,901995,139.11088834
2020-06-04,930407,144.76536487
2020-06-03,898364,140.34744571
2020-06-02,980902,151.88943945
2020-06-01,929874,145.27011404
2020-05-31,850103,131.29003861
2020-05-30,881950,136.94875776
2020-05-29,949269,147.53947777
2020-05-28,907265,141.47278965
2020-05-27,896217,139.07774674
2020-05-26,916975,141.5521766
2020-05-25,875607,137.60914663
2020-05-24,825755,128.80283887
2020-05-23,868425,133.33717181
2020-05-22,916282,144.22823863
2020-05-21,867704,134.42354764
2020-05-20,855377,132.51386522
2020-05-19,848038,132.79642969
2020-05-18,857645,133.88151733
2020-05-17,808464,124.93648586
2020-05-16,875030,136.68072477
2020-05-15,888691,138.36073486
2020-05-14,820300,127.07978311
2020-05-13,856962,132.16563849
2020-05-12,880678,137.6489528
2020-05-11,887554,137.92602953
2020-05-10,879153,135.40012321
2020-05-09,894382,139.79087215
2020-05-08,887756,136.87264878
2020-05-07,877129,135.88365608
2020-05-06,833506,130.52082681
2020-05-05,785518,120.7374731
2020-05-04,774035,118.33588136
2020-05-03,789689,122.98536054
2020-05-02,765990,118.37273992
2020-05-01,827138,127.74332046
2020-04-30,899459,141.04735769
2020-04-29,897881,137.58519767
2020-04-28,838453,130.60015576
2020-04-27,841193,130.35688827
2020-04-26,801949,124.17915763
2020-04-25,792299,123.44951698
2020-04-24,846807,130.76080914
2020-04-23,826397,128.04415866
2020-04-22,790519,121.97484956
2020-04-21,812963,126.29532391
2020-04-20,828885,127.59929187
2020-04-19,741675,114.33251118
2020-04-18,783111,121.52560521
2020-04-17,785639,121.89899147
2020-04-16,790334,122.17251507
2020-04-15,792152,122.03851487
2020-04-14,813972,125.57420549
2020-04-13,744306,114.33271889
2020-04-12,678530,103.10439143
2020-04-11,680523,106.1327199
2020-04-10,745643,114.45019186
2020-04-09,727502,112.28615527
2020-04-08,830223,127.68732698
2020-04-07,783472,119.54104364
2020-04-06,771300,119.89740401
2020-04-05,614001,94.36007377
2020-04-04,625952,96.43383146
2020-04-03,722688,110.72284357
2020-04-02,720554,111.1280074
2020-04-01,683007,104.22813978
2020-03-31,731749,113.06381335
2020-03-30,724004,112.0749226
2020-03-29,607984,92.49718546
2020-03-28,667726,102.91707768
2020-03-27,748776,114.2471773
2020-03-26,772649,119.27276937
2020-03-25,765389,120.07985566
2020-03-24,791900,124.74795211
2020-03-23,801238,124.26147643
2020-03-22,746195,118.44365079
2020-03-21,857503,133.06998759
2020-03-20,822158,127.74362958
2020-03-19,864017,133.29481641
2020-03-18,768437,117.65992957
2020-03-17,763100,117.23767092
2020-03-16,784094,120.85295931
2020-03-15,657653,100.97543375
2020-03-14,681830,105.05855162
2020-03-13,847947,132.8654027
2020-03-12,760781,117.98712779
2020-03-11,713065,109.21504059
2020-03-10,760588,117.04955371
2020-03-09,784085,121.92271808
2020-03-08,662565,101.12408425
2020-03-07,630992,96.48195719
2020-03-06,676799,103.04491474
2020-03-05,720114,112.35980652
2020-03-04,663966,101.58598531
2020-03-03,661419,101.74111675
2020-03-02,681477,104.31302617
2020-03-01,628500,96.76674365
2020-02-29,620465,95.1779414
2020-02-28,688694,105.93662513
2020-02-27,714482,109.70090588
2020-02-26,704929,107.9854473
2020-02-25,670257,103.81923792
2020-02-24,687702,106.11047678
2020-02-23,606290,92.81843233
2020-02-22,605859,92.80928309
2020-02-21,670542,103.55861004
2020-02-20,689600,106.41975309
2020-02-19,695837,106.12124447
2020-02-18,733983,113.26898148
2020-02-17,695366,107.85884908
2020-02-16,661490,100.96001221
2020-02-15,699151,108.02703956
2020-02-14,771827,118.87062991
2020-02-13,764763,118.00077149
2020-02-12,798162,123.49713755
2020-02-11,709280,108.55218855
2020-02-10,668760,101.45024272
2020-02-09,628631,96.84655677
2020-02-08,661649,102.31158188
2020-02-07,626252,96.2132432
2020-02-06,606505,93.07934316
2020-02-05,610780,94.60656753
2020-02-04,524476,79.87755102
2020-02-03,621191,95.21627836
2020-02-02,530094,81.0913263
2020-02-01,545761,84.11852651
2020-01-31,583358,89.89952227
2020-01-30,566052,87.73279603
2020-01-29,551529,84.19004732
2020-01-28,526284,80.82998003
2020-01-27,476541,72.73214286
2020-01-26,428839,66.02602002
2020-01-25,435515,67.09520875
2020-01-24,497135,76.31793061
2020-01-23,552533,84.03543726
2020-01-22,513767,79.38303461
2020-01-21,558962,85.05203895
2020-01-20,599266,91.94016569
2020-01-19,615368,93.66331811
2020-01-18,628211,96.41052793
2020-01-17,676556,103.30676439
2020-01-16,693649,106.17618246
2020-01-15,698399,107.67792168
2020-01-14,671748,102.94988506
2020-01-13,565389,86.45091743
2020-01-12,523951,80.42225633
2020-01-11,549612,84.19301471
2020-01-10,605095,92.36681423
2020-01-09,621399,95.16064319
2020-01-08,653831,100.66682063
2020-01-07,646478,98.95576305
2020-01-06,626525,95.12982083
2020-01-05,524664,80.86683107
2020-01-04,559074,85.09497717
2020-01-03,581641,89.18138608
2020-01-02,505639,89.03662617
2020-01-01,466526,93.67991968
